stock GE,stock JPM,stock A,stock AA,stock AAPL,S&P index,call option,put option,ge_bond,jpm_bond
1.1748235890917378,1.2236934556091774,-3.4359401837833747,0.2200421573373701,-0.14858214625434574,61.50785049277178,28.716029142516334,-30.579305496654342,0.008507865358979851,0.01643951359139728
-1.1253061239344881,-0.16138902943813485,2.602277813633697,-1.8674100585348017,54.12132850190532,119.5335998758264,45.03371981306671,-72.28736420915834,-0.00011247273418834962,0.026225990057234583
-1.3904028860378168,6.904370352213061,-3.745149245604022,1.2133437302210892,63.29262699247944,-28.07682209602945,14.048424193890668,44.33776214352133,-0.011334671727333044,0.004906993747080701
1.5340991235818333,1.896260140451832,5.686791250926155,-1.6337168761796832,145.747399092563,118.89989222718584,51.56937808704049,-65.11799828654398,0.00016190268634619538,0.007506549695605713
-1.6081576761529623,2.1862590153558235,0.8412990395349298,-1.7977980837414904,6.367685342725635,-86.28030790800986,6.527804326828402,95.02062808843948,-0.0001046073968968813,0.013249522791650703
1.0382469563168348,-4.564472657933035,-3.350372371149114,-0.25918227736343885,78.2232159679908,-57.86231602336836,22.331057329191424,82.40588920616096,-0.0016479327666780712,0.024937977661522615
0.08406590216913852,-3.683138443740096,-2.8211666389904124,0.21599953432998986,143.70670440200945,-8.8671036555481,9.782698896461739,20.862318405611177,-0.01242968262017685,0.021581332798934927
1.2118315561365582,1.7839854876173113,1.3051426517042817,0.6659498930419733,70.16050516415956,130.38453651827174,54.82097625342237,-73.35104441124827,-0.005743360587515898,0.015666606206202083
1.467086306475442,-2.3516655566624305,-2.8968835380145177,-2.048561742541054,49.568664437998756,51.07753449396762,29.8613152384782,-19.003703401888288,-0.004438176588378749,0.022822876453986618
-1.9685923248574022,1.2757421424583346,1.3159519420464323,-2.376459174031839,39.91903389978229,68.53169501101158,85.02110888361537,18.701929726204753,0.044690895012483134,0.029474700430727196
-1.8180551807282952,0.1286569906231438,0.43633683581756044,3.131355211987271,48.790051077568336,-0.683900262016768,33.77716480663577,36.673580922253905,0.01153319324441915,0.023016238235364916
3.0773704216739666,2.9384119578349734,-5.542937318797793,-0.12955030132503056,-43.805343195518425,77.17091211135153,35.75450088990195,-39.20389536784842,0.018928402287899493,0.021012765789091503
0.8334931820038944,-0.715213787688825,6.010984194610404,-0.27929041518607545,153.50733601085645,129.72321426438114,56.250001219345165,-71.26069719143493,-0.0005072854201155757,0.01853695811268463
-0.11909197890551687,0.076502033197993,-3.4854162128534742,-1.0802877897469907,114.20483980618411,-55.12963785882058,7.889753375901961,65.23190708832362,-0.0002550941566266101,0.017840442905232345
-0.14894776113504965,-4.933579155549707,11.77838103381668,-2.327004512831284,-8.248193440843236,-19.410322153221387,44.85618103017438,66.47901903699699,-0.031082542447102512,0.020867167004333442
2.9702575504650013,5.560376675345473,6.906775373253399,-0.056754116297112994,3.0244842954318165,-53.55753825105672,14.742104164050431,70.51215826870816,-0.007055822611960137,0.005310923500764453
-0.5371871400887257,-0.3132137280627452,2.198155140984203,2.6502165866456404,126.94972831001559,87.82939349500128,37.11768574283661,-48.49919189856337,-0.021308610293738317,0.009406713506245445
1.4985398600497322,-3.5671954499268557,-4.9041208633207685,2.4101943786628066,-11.047138811693934,-63.14107515285055,5.7308372190053944,71.08442822545726,-0.006397224132290711,0.010331226343502475
1.9237214239175084,-3.70526120159916,0.006317790615302962,-1.605426442343201,129.75086501750178,123.9263967710121,36.56971101190504,-85.1441699055058,0.007242571906719288,0.009254616451156217
1.8461727373744132,3.125221373544088,3.4624325008031365,-1.6798135841256225,46.48887871349893,-42.816949599544785,-3.5351323745075263,41.49433307863842,-0.018690561756583568,0.017922571615193617
0.4237195151575195,-4.227975870961313,-0.6633702558775668,-0.18375298792980183,123.19541663236308,28.71945555103196,22.996845651474757,-3.5100940459562935,0.013105773333707217,0.0032255422070897044
0.06560961182798582,2.7672060116862935,-1.03662436697394,0.08381818263823372,-82.81365943144546,272.5963438864597,113.70780516293573,-156.67602286992292,0.011388095695491264,0.02776179699449033
-0.21691153622760712,3.5610045504554266,0.41880002071671735,-1.702513216603055,-12.786198586239328,80.79899124739275,60.790713925318414,-17.795761468473074,0.023263079799418218,0.013125182959349502
1.5486621781021068,2.3878566253546336,6.459755841170335,0.7298236846667525,84.36168557437455,11.322059495403122,36.611488754967326,27.501945113165448,0.00366801133027095,0.003677686308463768
3.3376266532241003,2.2254495596302992,4.583370609329534,0.466484209459518,108.83263966013338,84.14830737517046,24.343720972472113,-57.59207054909734,0.01432407697256344,0.018199948878923067
2.1023156518197763,-2.1669449428341276,-1.7925361820035153,-2.1504966544195736,143.54575960212648,216.89863289689026,76.23335003418185,-138.45276700910722,0.005292467747325837,0.009463317816647665
-0.3592987622595148,-2.5562894856905687,0.739273805184123,1.2789177964407454,43.94041163307154,27.779625597077647,26.34645941705378,0.7793496735773715,-0.0010767022864057712,0.025701716567598343
-2.7192906615804247,-5.130773820194182,4.64128983699266,-0.9256072547062941,77.79949880070971,60.86527134047247,51.54489230456551,-7.107863182305664,0.0070069851487293295,0.005331767942074572
-2.257240272422652,9.645057218311354,-2.135891924711863,0.8461293896140993,86.88243519623586,60.751931226566974,32.98120788807893,-25.558207484886907,0.024634442657409883,0.01612364411170808
-1.7987877746005558,2.1770090000544755,-1.2316524176046824,1.883443227270272,90.22423806976902,62.729659994841256,28.052514454539335,-32.464629686700846,-0.016244361451464573,0.0164671573550903
0.1339180310068142,-4.184311938098342,10.980509095225818,-0.648150272247796,83.00724795252953,-17.480051053239603,31.07132558617488,50.763892493015874,0.0018284830930819247,0.012619032005289244
1.6199311794267928,-0.048834122299317786,-1.324574613673758,1.7379396270955434,32.11114024992707,-26.295131178250895,12.617055102007697,41.12470213385973,-0.0030363284821885977,0.013076426421358756
0.1747690431745641,2.604797195054138,-3.721078101063409,1.0384923276551403,0.49536013340214674,82.95245062575432,47.789914912159304,-32.950019859993745,0.02252743780498556,0.020910485840249793
-1.688221275191617,-7.244690871912146,-5.635017714710347,2.7600171445957287,19.041273612305016,46.95943873492463,23.31424700893453,-21.432675872388927,0.0026078437509682324,0.010384819683934454
-1.1235479394525933,-3.056333343089908,-8.7848489683751,1.227891398774156,22.346593938658973,-78.22751153004984,30.731094372609277,111.17112175626039,-0.00584789441687361,0.009491886303480968
0.14943106199725315,-2.287673703301965,-2.3250514605645947,2.842889337093497,27.296909156141766,19.08574990329386,20.87981617915949,4.006582129467006,0.005820220959134261,0.016997607752230026
-1.59311266066176,6.414628268443484,1.9933124710151378,1.6861558743381115,63.33435909032686,-39.041935174330874,-14.151289190699686,27.103161837232392,0.02172954202295374,0.014869321046312667
-0.24774580143689048,2.4278933595811334,2.601013919972941,4.342352781352933,-18.61271384384755,216.29627955693414,139.02650693618963,-75.0572567671436,-0.031395850220977795,0.02105159633418685
2.96969457756218,-0.7232882312579431,3.587842983623491,3.338862829754367,100.42809285441304,100.66042101432416,51.10531438451275,-47.342590776210045,0.03178008758138007,0.015448690236746554
2.105800636423116,2.112096123802998,4.966320781022875,-0.3056180500572654,100.17184963545176,79.15701553994464,79.56698239202899,2.62248270568557,0.019313579476403886,0.020692482162419035
-2.243068106749341,-0.9291668682190849,6.521423588356426,0.10613209076223218,185.52581182215866,-25.543027618541526,5.688391289787006,33.44393476192977,0.0031722233237199155,0.006706684736669466
0.13606579825355092,-5.164201718679738,4.696172757570938,-2.1044037820099937,114.42408511584,70.84090261150018,33.11771206073908,-35.51067469715986,0.023254708856140782,0.014067734763560047
1.4576778515056301,-0.25204771651748503,-1.1884513483602412,-0.0022465735013111627,-21.843859021084178,12.397120080741576,12.023020170494476,1.8384159433542209,0.004241765616786354,0.0032154678854345864
0.5511161033296308,2.894333830734747,-2.24855664624842,0.4391617981624363,54.63903115056304,183.37134332646394,78.12300636336002,-103.03582110950265,0.006544095159363607,0.02607285507040502
2.6503213290240737,-2.1388960721717964,3.1737544069249406,-1.1201747676871345,113.62537576432177,1.2190536142154444,33.786477698551664,34.77993993793757,0.03011356441739932,0.027881064912274267
-3.876676946859392,1.8732395652237963,11.03996500928433,1.3117368347124834,152.70731599194121,88.21784866519236,59.67527406811902,-26.330058743472136,-0.009376012293678569,0.03378131724390365
4.536090582386399,2.2753422054654027,4.480390484364604,-0.05050257986159204,-62.88712953661281,14.11844987164071,36.783906402889926,24.87797238485041,0.014495819189391803,0.012528810703318571
0.31966759554404556,1.362218136796303,8.13949726676422,1.5452663683476393,86.40314150988752,-66.77919462801769,-8.736736884803548,60.25497359681549,0.016000427190764555,0.011639113224462871
-0.39263432539966153,0.6382766607352632,-0.5991592498500931,1.4334520238884838,142.11513653940202,-36.551794395055055,14.14400676645164,52.90831701510797,0.010110187814252882,0.012215160515483436
0.5164052333295934,2.6596350827400723,0.3813238571316265,-0.8332170912143766,144.7049847704487,-65.43577791887249,1.912813766545355,69.56110753901908,-0.013348197391171544,0.009092245986985548
0.6417193910564857,5.470482042443775,7.270617378657406,-1.29492846963221,54.49111203923141,9.29662933841773,46.19644656546714,39.11233308065084,0.01007796579670073,0.014280470090317854
-1.7192043586840768,1.3841258686231943,-2.0989255766900667,1.270097601183068,48.84877107771078,72.75892130268453,37.992916311176856,-32.55348913790658,-0.00972310943582899,0.003878264501993023
-0.7169644843606205,6.4143797055293446,0.37542690368252024,-0.55897345887176,113.73962151055994,-45.08549811108348,38.18076552191906,85.4787794866038,0.002338890554601571,0.014877266978533976
1.1441459508595166,0.21534690449398386,4.985376537312919,1.1895253686699636,-144.02986614939906,191.81790086914094,62.38287386418776,-127.22251115135191,0.014722908221346477,0.011804449731023237
2.6139933573246936,1.693661183721573,-3.86077384020693,1.4494707017940276,117.22378973182784,12.591842084994028,23.938389945074846,13.559063713682008,-0.02167241895396943,0.011359301703937508
-1.2090986034514937,1.9082759954300796,1.6890455879253021,-0.8281185739485482,-2.9135514564602025,267.3238385406834,89.14110428211532,-175.970218404967,0.009634018967343174,0.013786570856669345
-0.3505619622390876,1.6538856667078101,0.22679446485527835,-0.4963785403689612,28.230059164560092,-23.569952245256626,-4.9832638195738355,20.799204279283913,-0.012561193396239288,0.029000291830748814
1.6371272807351533,1.2949070132685834,3.537186398003162,-1.4855991955788308,110.65120557004228,130.46784934486425,64.09611290269939,-64.15922058856381,-0.006791754911696922,-0.0004719547429610227
0.2558281702132386,-3.8962931732973556,4.381650715587958,-1.0157223796151231,112.73561668411531,-190.85188548844047,0.35798829845683144,193.42238964049875,0.02715906441475524,0.020682472386435835
-0.475440113843626,-2.5265908832876125,-0.0858302361584709,1.1329965398219872,13.80887417497089,-12.752838732301509,26.790489535924962,41.75584412182775,-0.010234859597190836,0.02120750208603539
1.804554958164376,0.03523014219069579,1.3188406316270906,-0.31213021975008076,167.03110201504742,-83.26610028872749,20.65387741976545,106.13249356209417,-0.01819223786520252,0.03053499557618866
0.5628142097307295,-3.7186400745318138,-1.5300876895854032,2.277933479038034,54.65455365979547,-106.26927900897462,-9.161813706498464,99.31998115607735,-0.010793520042387204,0.012247017562287743
-0.6859671145192235,4.507487832205259,0.045583750564411184,1.3169602012981303,-6.805880340418608,60.558217276373554,41.50265034645099,-16.843051076321217,-0.0279043954124093,0.007608201057692776
-3.079880687625143,-3.6964396439419738,1.136312016050111,1.0553003143118918,106.04013322573996,79.84130252178426,44.11897911731916,-33.509807550864025,-0.009338863264053419,0.020949530418150175
1.0976866007337784,6.37446849431958,7.2862057436044925,0.033698851890154216,42.23104193684964,-95.96831498202992,-7.354277660778223,90.82655317485296,-0.0006305563599588986,0.02066092480127102
0.8952189649145593,1.7565438364722596,9.867684117978696,-1.8440448085696541,216.88841477730196,40.4234538482564,76.25375379927198,38.042815804616794,-0.013867995705278966,-0.004591627285577715
0.983737885758206,0.6949479813095367,1.8580289924458508,0.15450497704889876,-38.555376626499054,128.99369297323122,33.94395452398393,-92.83722259564615,0.011381138292749783,0.01530567927736115
3.2081932658281733,3.5300918090890274,-4.124541107022274,-0.9907908257559764,42.26516348622502,-85.69751138199508,-6.25422532386483,81.65580191173149,0.017684708991612785,0.033027759603685425
0.5715470564773223,-0.7873143139344225,-1.4638831824618328,0.21691073060504,382.47452890054467,3.414821178959615,15.486964228440371,14.28465890308189,-0.005922301849039522,0.008620645165895446
4.861634670054714,0.43554044843692424,-0.644616521750568,-1.0068839498603788,34.75825282611993,58.92855393815816,34.72802481140923,-21.98801327314777,-0.013022593575611861,0.025650399572641147
-2.5825189649531675,0.07651081362038434,-8.053721123907309,2.0764848785787104,50.52824426102573,30.062312670530194,26.088372858002487,-1.7614239589263434,0.0024463019271052672,0.017360459516647442
0.9151256828021098,1.5045263272972051,-6.163198937928228,-1.7076228042409523,65.04299045465918,159.93276035908914,74.86245084303548,-82.8577936624522,-0.02376375310278056,0.024283258801690355
-0.2312929166511214,-3.626628552420478,4.192979758074782,1.621713773560713,148.59034293789384,-316.5133788041889,-33.111574002563174,285.6143206552272,-0.005635201045393055,0.012968304406886011
-4.904777943812539,-4.028954141427177,2.762135833683834,0.10200881863531842,149.78002003766014,71.16862737274226,24.12974351949802,-44.826367999643026,-0.0046048881683968795,0.008729154698673858
3.4818842670680534,-1.53257137953044,7.548888064167118,-0.5483636549797711,12.359571547781488,87.8135792611125,46.77733176685172,-38.82373164065962,0.0025380216251611482,0.022917991486322897
-1.908183433468713,-3.723447585139353,-2.5649970602571432,-1.834183258955885,57.743999487294246,-29.709885765206124,19.59757694331168,51.51997856211915,0.010177971438188884,0.02030532263897422
0.551137614165992,-1.796347428768199,-1.8445551638021902,-1.1854587290240906,44.36314683109922,-6.907027230155059,15.110733579335289,24.230276663091445,-0.007174191753179125,0.014225927386865456
2.724439063326845,1.568333492564742,-3.7241456116036464,-0.7686310867830849,93.26276945898415,33.12608948914621,53.27274751652405,22.35917388097937,-0.0038274647074667528,0.018788255737289372
-0.06476983358866534,1.9025124453097713,-4.63432411420407,-1.902890839107446,-49.75440971084315,169.04467935614753,74.1598870911717,-92.67227641137447,-0.0047492295206035245,0.013637930106709995
-0.7480630516554997,2.582215648008983,2.7529780085614726,0.8388281745608687,21.941442804955958,141.50603599925904,47.9775182064009,-91.31600193925692,0.0012222853159695752,0.01121629337364105
0.7171303209590377,-6.4619236944989185,2.1541298537491214,2.8596463014561233,44.36534409985002,-20.011756968512383,62.618919437994066,84.8431922601078,-0.004516408509452228,0.009854258885029665
-0.20125735971713965,-0.7971388976630912,0.8933818284719179,-0.15848711778140046,13.015827096347408,-31.766601839252345,35.942340674453305,69.92145836730674,-0.016597982499209518,0.009378131784634869
1.5482522019718548,-3.336131169334821,-0.3732068142879615,-1.006611378489867,428.89782822874486,126.84588461607102,50.48055255865597,-74.15281620381393,0.039108472103631886,0.013542930983444057
-0.7827367460060785,0.7389254771767001,-0.8962669776810459,-1.7248913966644677,33.599393270265075,-169.56770350129523,-15.692359966842162,156.0878593880543,0.004651447361939455,0.018685707202625412
2.202660772869556,0.09439105039386905,-5.77838615604513,0.5599667676360564,36.5243929186616,63.02335341580955,53.078879128771234,-7.7319584334370575,0.003178315396943356,0.018622627296414063
1.560832521227593,-5.082335653119603,0.6907404420302948,-0.48249138798613367,12.22904901378549,77.89883173689263,42.239306572311676,-33.447009310979865,-0.004901955703809467,0.017111415100866667
-1.7621487597261978,2.4656283232804284,5.924677657508727,-0.3312915754874782,27.040376710187633,-80.3365435136544,7.825307396432095,90.3743667636877,0.005997879538733876,0.012683545743993552
-1.6482129813128865,1.3569745332358758,-1.1834460810612975,-1.2164610334944224,-16.563875364094375,83.16571347080772,66.33951943015992,-14.613678187046617,0.010114701142426743,0.02624299826866694
1.0032667580344357,-2.4446596064700614,-3.5587185208395886,-0.4815076311773672,85.04611938683617,-7.2697796227275795,7.613612683771038,17.095908160099953,-0.006679247945080345,0.016606072040418418
0.6276829720779358,-6.75783118546707,-0.6663323892809765,0.35806518073343546,53.25992072212518,58.488475282058985,45.55366738753048,-10.722292040927414,-0.00887333385853317,0.011876490407224383
1.4325732768897657,6.00908957136245,2.807984711897321,0.6555714294653334,67.09391491765595,-11.600974378500544,8.80655157859485,22.620041810696648,0.02321198429780491,0.025426552565255722
0.8514929772065748,2.7743550523591907,-2.439900396971833,-2.1118590164584887,70.62119587291606,-23.868667236129102,14.707644788681563,40.788827878411894,0.000764729101087271,0.02187243146181972
-1.8832523620780017,2.514052782236288,4.74175758986176,0.5973315379173325,71.12180272924844,86.25800948312934,62.31530687299505,-21.73018675653293,0.01873309400133416,0.01823605601075151
-1.2184881418492217,9.10851641017759,-0.42834641466177825,0.3693175322350767,148.3724469474376,-12.452132681380858,12.554774571661426,27.21942310664349,-0.0054336167623765235,0.015514414018294342
1.656519073741269,4.705629442137607,-9.0186135974483,-0.41911170459466396,84.76949375134562,3.553549821053062,27.833216338025096,26.492182370573346,0.0050763027179201465,-0.00346010811234021
2.7719382090054356,0.6180961391508029,-1.6991708737016207,-0.911997163481584,236.9648823689817,46.68423562335192,20.042692301420004,-24.429027468330787,0.0005888361132595516,0.012758454246440953
2.619047170252553,3.353847680394614,-3.0578974561465375,-0.9520659575731754,39.05938433391561,99.4433118094919,60.89220827668669,-36.33858767920401,-0.00804984038702705,0.013553989479532236
-0.8471944950540479,4.309032528802541,0.2903345959399486,-0.7435931866788078,63.44522744026498,24.671301171848956,60.59500229781506,38.13621697956751,0.00905113317245987,0.024476736066069815
-3.8243704472448106,4.454616345906975,-3.17418800129029,1.8959491010657343,-10.51006660871904,-92.63256102976656,-9.060117824705742,85.78495905866203,0.004531083774529378,0.007617863987337881
-2.2612505914271157,8.195851071387324,-10.829108940651297,0.02176117262598299,130.13877257798177,129.95807208254027,60.00997468452991,-67.73558154440911,0.019051577905063066,0.017301163964037247
2.761438903890216,8.28536143138412,0.1309094611930138,0.45432623658668914,68.20801213866662,51.268273228377204,7.6442578016614675,-41.411499573114725,0.011373397117203423,0.015270385267642794
-0.02424166789876185,-2.2806801017999536,0.46802862277973795,-0.6841569618856076,-14.584353052292347,96.74409929604398,46.75300930325591,-47.77857413918696,-0.008911352668512727,0.00905644389238569
0.6755738105175915,1.511402147170018,1.6592079218421396,2.0982900868887455,32.5440635938775,256.8794449612116,78.54110230670753,-176.12582680090304,0.001357586000560575,0.018316440417094126
1.6197186158074102,0.0010293434070752245,-3.8807145887924523,0.5632750420240288,6.779850115570862,163.03222498454906,94.05704364189879,-66.76266548904914,0.008441584581980301,0.02782562276635736
1.0476184164781195,-2.528066580450846,0.4893184492805671,0.2873709673013408,16.323374059509245,-71.25764155288383,23.934528785329178,97.40468619181433,0.007971644835455873,0.023210506911149897
4.307325182345744,6.0209497007223804,1.7914997018184253,0.17475553055028537,110.744557672585,-72.94603350206995,21.656131691748783,96.81468104741998,0.023086071438263467,0.0076428295107831
0.7647748304024407,-3.1578799522992047,-0.8765278347252897,-0.13654664942832734,66.65747932239042,51.4568450328955,35.89805158172604,-13.34627759756836,0.01788272453803752,0.019870343230095955
0.09304854809496604,-4.972741105767136,2.871319589105892,0.24546675665531895,-0.9427199690823049,-78.02436064124791,18.20270895856433,98.43958545341343,0.019392721854733397,0.02078231667293373
-0.4513979503494904,-3.2839667030171054,-3.32996790657457,1.2123518157835707,-37.358224519960814,59.37401282572748,38.82343456838805,-18.338062403738377,0.008499936715997249,0.0132206166456601
-2.1454123473713618,-4.197686998584855,5.087509261072303,2.998781184169045,-74.80477819643713,12.06976613272131,19.036255464755754,9.17900518563556,-0.015802521656835045,0.01617414505881709
-1.1992028894948668,-3.418829594481098,-0.754777975286509,-3.027349289379515,47.36114370982959,145.02002311841204,42.06688588265993,-100.74062138215118,0.021759801607372786,0.00446544338271937
0.27515957680057307,-6.138049310644877,2.1401620534299073,1.974657098416213,123.18388893136594,-92.88173489044395,-6.084664673861056,89.00958607018401,0.00811872398301672,0.007505630485512116
1.3392980358476365,0.555541232475883,-1.6221319946521955,0.6400806384629231,70.21145455066862,-10.041107723024197,30.347314017110136,42.60093759373535,0.0007261081892446803,0.018686758742350484
0.03343483199850894,1.6088990969483743,3.09926598293338,0.9134904002800198,193.19223619702083,11.101136975163445,38.18524947004218,29.29662834848,-0.001886867377618449,0.013313712673568512
2.1660202920554643,0.8492582336287643,2.867539689963881,-0.8723322708392436,237.75432857544374,-157.77009603373736,6.287567414170411,166.27017930150896,0.0005230056230061137,0.02240491210188944
4.893266138115919,-7.232921215198932,2.810365335018769,0.8212650693367471,62.80701302711096,-69.98133786793524,9.3699146854064,81.5637684069427,-0.023144405828005032,0.015411424820577446
1.4397307486724256,-4.629630807986931,7.865472701895951,0.8020996897564933,183.5357287923669,122.20553449765137,34.31378901418512,-85.67922962986495,-0.010818844704406637,0.023779271243859368
1.56570119597872,4.144799165928823,-4.777041655301205,-0.5969653131495585,-46.26879153522757,127.65015712208888,35.00397750731659,-90.43366376117115,-0.012903123454793162,0.010255781656930196
-0.13280738936528177,2.4200570816353424,-6.7197859189446305,-1.508161579025797,-87.58655681949797,-27.600746137629663,48.310521437340014,78.12378342857096,-0.0009198047199330244,0.019165557764468044
0.9199361330365915,2.354794686357548,-0.9904594538905916,-0.37300876035123104,154.02943368593253,98.73546033044705,21.638027293270312,-74.88491718357568,0.005228146325593432,0.01255649993579011
0.40006580047870366,-0.5769942225415112,3.259103684255751,-1.4897287933486256,89.64456013476385,28.436550452427888,36.11032076562509,9.8862861667983,0.020641776011594004,0.011848379069166137
1.2264791683863798,-0.7460754109958055,12.437372480680436,-0.5866974948213008,-59.18157609159417,101.08045204974727,68.76751234807759,-30.10042384806843,-0.007980101570796537,0.0089894383862823
-1.254514132590848,4.263759369269893,-6.301255636704761,-0.2295204851191851,93.95192244048089,-185.94310708922754,-37.834520082790476,150.3211028600383,0.015838726714601847,0.016370011119288153
0.7452034500522317,-2.2563874352863684,-4.378815553499162,-0.7041272401743467,-9.29516853308539,29.984468154901922,24.516293138865763,-3.255659162434995,-0.005144322651865261,0.011520844613401193
-0.8252241016990579,-0.8506737842903692,-1.9358826645685294,1.328004001186531,53.75488180401113,-69.28722804979262,11.957617255131794,83.4573611585256,0.0012420034883045012,0.008691295691423129
0.21917049311472442,-0.9358336832026762,1.9719933408125412,1.4966243621014843,-23.56001706551075,-71.70590338812704,-10.026279459357085,63.89213978237126,-0.005233760125295415,0.006508126067033659
-0.4805654095793568,-3.0232300754969,6.910195913113086,-0.0743539510752208,11.244238959386427,75.02672457696048,40.91865785597244,-31.895550867386874,0.04078864289066342,0.03243175684451827
-0.4842455084899771,4.242537207729416,-4.361593078701286,-1.5404212385072462,158.47732404946848,-2.1179807229666547,18.47316980311959,22.80366637968723,0.005472241359967269,0.014203175905948884
1.1637375442785287,6.880314158417998,2.6006012049158547,-1.8104195957389013,43.23085685952777,-26.33996455736497,23.037087274770414,51.58956768573648,0.0050191925539706545,0.023516178266184795
1.288080612053308,1.4626803276160036,-6.947419221812682,0.208627575884087,80.24904064029006,-62.17840645036042,15.496167071676979,79.88708937563865,-0.00446058923137471,0.007754522987672985
0.7099021727317206,6.508664224664047,-1.9471202644671115,-0.8339379177586138,56.47274819081826,10.515515523531922,7.1025762906584475,-1.2004233792722516,0.0024189493652124767,0.014494498371806275
0.07642682420093486,2.0147907918679198,1.3970961520851248,0.019194482560658994,149.17572648681434,-1.2500493940100725,39.69361325990283,43.15617850751414,-0.006371989791875031,0.03253757785421363
4.555067189752884,-2.5248527208725626,-1.9454456153230761,1.674290681064784,38.06090711492187,174.90651376997957,58.42732610041165,-114.26667181596667,-0.0018332025080798325,0.017091758739488982
-0.3727168877386865,10.48702777951308,0.91567605195849,0.039688320594973646,123.03729257777077,36.26695723129796,62.32377519995751,28.269333822260933,0.017521640606839695,0.012167199016683616
0.6247229952684251,-7.8869390533313215,7.954736368601049,3.2822781732777697,5.131589823645509,-26.263703149833017,16.462379691336764,44.938598694771144,0.004782748513203485,0.02143539923017257
0.9287112024217575,0.572135059318564,1.418708058456443,-0.7600785237786367,114.51429055073694,-121.3515874629963,2.585964436413093,126.15006775301072,0.0181488115214965,0.018574426455300275
3.847245159290608,-3.0320669692948936,1.692063974018323,-1.7234327506918452,139.08136779155808,-21.83832867274537,-1.6563435243325273,22.394501002014067,-0.019044668162107703,0.029072481936291528
0.5223648665549091,-3.6893478403592055,2.176071602582202,-1.4863166997531987,-60.11476192196889,147.0033902642282,94.32365867817353,-50.4672157324535,-0.009240695571274936,0.01356697377864724
-0.20895925544431995,-2.634158242207502,-0.8503347856780521,-1.0084696081174074,-148.69891089873482,-47.568968272509316,3.8342852325691865,53.6157693586797,-0.0035192228444713685,0.0251498538837851
-0.4869077635737032,3.521763711625066,-6.379707449143801,1.6389856067263315,19.096560491744395,-143.77844826688857,11.623025761771117,157.61398988226097,0.003191070484226179,0.012614208414174266
-2.3651395003116935,-3.635177593837383,7.372269365188765,-1.8834284474041185,-87.21464664308188,-31.510181173048625,10.431002478808779,44.15369950545869,-0.003036678506640021,0.02390548589804742
2.9852023946128763,1.2695436538809806,3.089701161683447,-0.3096532519065714,27.502332754019022,19.413058064781726,45.44795246133168,28.247410250151233,-0.0016693167870567276,0.021936144712103367
0.7869543183487921,2.26137510076173,-1.0770696025860875,1.4170792075169254,68.02112977425351,25.079052261303552,47.31730874930085,24.450772341598395,0.00479359641877153,0.012798672737520222
0.24221772052228938,2.901345810837017,0.6206655479729642,0.7632433024227131,121.65154118102093,44.81073320480045,20.696450592593692,-21.90176675860539,-0.014020611214419441,0.019760219348894603
-0.44079585702163626,4.189843035692313,-5.898015347447895,-0.03417372814405662,-57.62160179220581,282.7204864981767,93.10631675691059,-187.40165388766513,0.01772081460208641,0.018423436687224903
1.8460221203357734,-5.386043299111709,2.4581588117025315,0.7372511543986433,75.28616568210353,-4.2117790145996725,2.9464823112316765,9.37077717943248,-0.00664347146017996,0.001188019265411011
1.0699202460932031,-2.6599803648953997,-1.4671438990647387,-0.736138684522828,53.21260803385155,-43.23571818386443,33.99260359762363,79.44083763508911,0.023748122841631636,0.010919480150917371
-2.96488502371525,7.165985154544491,4.3295897858407795,1.1401421595094932,88.85931898747785,-27.107423057201064,3.002722505692361,32.32266141649461,0.010343901448857553,0.01538502157102628
-0.9354465146460337,-0.44580086805296143,-1.5669376504311705,0.5043913466063843,110.24857788215375,179.7576396840238,69.53072104250612,-108.01440278791642,0.0012481886799724524,0.018251291317179508
1.11015278847252,2.585501867176211,-7.151703726352555,-0.25856260503340894,50.35209914770542,-83.59918606503689,-13.036218892442832,72.77548302619516,0.01125167559585072,0.01287988344274238
-1.6049282153358002,5.894090987396948,0.09643179896834353,-0.29454390380529305,-37.825993999501236,26.390771169045514,30.424851236777045,6.246595921332755,0.008999066728356599,0.00689135237784444
1.1080141361062545,-4.0839697549728085,-0.6317087673420223,-0.028321638620185868,91.26516816178898,19.75439072435389,13.419655306321658,-4.122219564431134,-0.025721881740824237,0.013662487710959681
-1.0219202397878067,-0.5538696924085036,1.7593223788271177,-0.2706173627723119,65.8582216156135,156.14877548018555,54.33426065131869,-99.60199897526581,-0.020478860683562528,0.015497430745091245
1.793876296436311,0.9403945649102515,-7.791658311841935,-0.10790456815005824,-92.84068933101035,-130.59524071620794,21.474811478761723,154.28256804857097,-0.012900401558560313,0.013579956992684883
-1.2313403244939463,-1.6316565931863865,-0.07858341425702638,-1.053678147130908,57.61459472895415,-0.5083823537252289,25.626763585872027,28.347661793198313,0.009059096253836165,0.027644624346685687
-0.9709079784997828,2.191811344104315,8.966889325636268,0.4327855564521675,113.00971426666686,116.65037967003833,15.884522599159652,-98.55334121727765,-0.02344106509509003,0.0160391311036181
-1.3497000607490628,-2.8453296043417584,0.7661955722891447,1.8118958176784319,32.13562489302003,70.70370615390433,30.29789390971584,-38.19329639058719,-0.01889141845238662,0.025492881588794924
-0.8893165160424115,2.363858303466207,0.39317490912091707,0.011538571915566143,59.47087865379377,-21.36101696175994,9.680936407400281,33.25446922276137,0.005436296821407673,-0.008910746836332084
-0.13778986652940595,-2.930034759186999,11.34552627703131,-0.867673595047582,98.30862657284496,102.25543608730112,53.461411852933765,-46.58150838076631,0.022313677067510973,0.010462217305406751
-1.1397856652797727,2.7851521749068984,-2.652191069361146,2.848527923007589,53.37196224107702,64.24222335571045,16.869438231943604,-45.1602692701656,-0.008940129599726896,0.020506491332422883
0.10161646899005897,1.845079081433543,-0.4670304398240083,-0.9371432330919801,65.9258783367313,38.716971720907885,30.03241601126669,-6.472039856040055,0.011185578162397293,0.01882137804911732
0.8876925203760517,-8.813947224900318,1.9021554807371228,-1.549909006386698,164.69424607860608,43.13452135348205,48.80988265833898,7.887877158457968,-0.006528433255569508,0.012862649843219831
-1.111150619792334,6.898736943100814,1.8032328346596809,-0.45996543929438927,122.79665837888739,-68.97583513401806,-3.471622733177867,67.71672825444125,-0.0078833535166114,0.0015572616373635828
-0.6111928772537703,1.2415180390041545,2.3656627316317733,1.5990834505066935,-70.3190763368111,44.18071226946747,40.88867643427932,-1.0795199815870546,0.00621563747089149,0.018324667577343412
0.8176819124868905,4.943698394994843,1.5679904243297174,0.4308178376773284,-25.2508091034435,-40.60934645783747,0.10479552499481315,42.92665783643338,0.005069275156773136,0.014594877968973297
-1.1189820727004718,-3.192514909496692,-0.28801953957707815,-1.359766168381565,83.52061425347256,41.0274622527437,23.654679978273293,-15.16026642086922,0.0005035230630672256,0.02202000433568929
-1.2960199535475883,-4.532434819931373,-2.1750426472960287,-0.7297185932459331,71.53142304989379,-77.03439136598438,-0.6009589247169345,78.64594829486873,0.019990630432284107,0.023857750922087195
0.0221147573613008,-0.8382320063876091,-2.153480361452067,-1.2036612060021046,183.28914661657794,-1.4645713784151666,12.928770415928767,16.605857647945186,0.01295733601288407,0.025053313985260894
-1.4776117066324435,0.8258940039190771,1.7662856508072369,1.1537300495593763,99.00074024895167,-29.382093555255214,23.038158911977604,54.632768320833975,0.022229413024777323,0.014312148554403104
1.0147474263812655,0.24506286357402599,2.2016387448591495,0.40738298046076543,58.64298000190694,73.39873473240603,73.14829225784254,1.9620733790377471,0.0026845976736975547,0.015335349333292614
0.6213517680218562,-9.752959225240922,-1.632878270205187,-0.8511367241349376,126.1593191010508,211.4373554225358,77.39545421840134,-131.82938535053336,0.005692208997510441,0.013675608953106932
2.1546352448219115,-3.978554362795125,-4.034484303109003,3.711612208184243,83.06196791031688,-90.35526653376394,1.6747980210968194,94.24258040846189,0.0016278405850751482,0.015798122231101663
-1.7762319306530914,-0.37725632406146786,0.685403699923695,1.7514091110469154,77.63891257391809,150.57083333216607,68.20842695804427,-80.14989052052078,0.020367752812135986,0.02148459073548148
1.5846876728757606,3.5936975661430743,0.6608490582270891,1.0492934230390203,101.72393582769293,-74.95308339682187,8.403335888870316,85.56893513929344,0.009211380648574298,0.010421937169161621
0.20602952058006696,3.164617529765956,8.448293317493592,1.4524254392218092,10.281175020238187,2.2399806335126704,22.06344030315347,22.035975523242087,0.01492160354510941,0.020802502363540754
0.49465798243772646,-4.811710956365308,-2.4556192034968958,0.8112434797469394,10.98250298280114,64.5720426899212,34.987948949598945,-27.37157788672107,0.015797848549677695,0.01413191437448047
2.3092196941087115,3.1432139512047277,-1.3074431659013046,0.586375217806134,74.22544562133619,70.07799694914236,30.72738677370137,-37.138094321839844,-0.01683360616005769,-0.00016719801696418735
-1.401449319687334,-2.333052900918803,1.8740603964876372,-3.2762586547793733,34.82615268887178,48.13547884135849,53.23451364340258,7.311550655645306,0.0028637396908557395,0.010215969528551083
-0.7859225860293662,1.4377265168867008,-1.9637991372391506,0.377982617917879,2.448436171612279,3.7777358102632785,12.798351333931635,11.233131377269501,0.01975453106819902,0.007990047248100263
-0.15422062637672285,8.174653171264696,4.679905109667757,-0.16632352803093495,159.79184600879955,3.812678928172369,4.32319251602641,2.7230294414550826,-0.0020279668836702385,0.018330847005776807
0.8748648565805587,7.436270086312375,1.3460464197879514,-1.300681774469177,106.41848812506895,2.906718459928749,14.278931424291187,13.58472881796365,-0.009798612150085482,0.018017881450109297
-2.0810950233930776,2.1091194405033082,2.247406567161335,0.9971344228203695,12.03619545986921,-35.520019594259246,-5.450843707390817,32.281691740469796,-0.012779942341652582,0.025066453748541884
-2.777545493137773,-0.6360714837312884,-3.180036296997356,-0.43266413003211884,82.43792758096671,-120.72342306401559,8.700471928421507,131.6364108460382,-0.009919787611269546,0.019257903081356886
1.1039895768926697,-1.0826866646069413,-2.8124392049005706,-1.2811179196360643,24.625672821062956,87.2208301446561,41.75726844544903,-43.25104584560563,0.016203196766361616,0.015101031891596506
0.7726361875978727,1.6477730565514896,-5.083535925646003,0.7017680645270433,15.683502206486388,39.72671702039277,21.50447004952082,-16.009731117270803,0.00016727733667965157,0.010107704918385974
2.4520993857818554,1.4423119616883846,0.3408591927758377,0.9385796273281473,40.54931159347852,167.42669243357454,61.928506067663875,-103.28567051230948,0.018265304128593618,0.015214458901894767
-1.3804536819663966,-4.963535566467736,-3.034364676663293,-0.9023341091843846,-12.269550624866262,-229.46554312718163,-43.31023052883222,188.3678284519508,-0.01308614293554977,0.020706993731764767
-0.6142600186368335,-1.5078406481948075,0.3806910786453892,1.7230947975904571,-92.46876784806071,90.18501607751558,49.91476273548321,-38.05773748843126,0.002498214864968153,0.008327946441827994
0.18570679592461092,-2.5681784098314173,-0.21331641425426137,-1.1162787585383955,8.311535676887532,96.50522550737014,58.058409862832235,-36.234299790936575,0.001931091575337442,0.019376002753508592
-0.4763529386696465,-2.1548074436212383,6.006100968201219,-0.9693199621614398,48.86506046241478,51.304657876613874,26.120969708567685,-22.971172314445084,0.03225385291649108,0.031893633035646296
2.7771309784574796,-1.0983662230956308,-3.9567264625779415,-0.00871460672317245,90.31861834058174,27.50811544340296,22.512320868018577,-2.78327872178329,0.007622063750323262,0.015153420239043758
0.3769604963173321,2.2988901188704745,9.835957203274127,0.3950766080929789,-54.136986160264435,203.13602992132542,59.420427911320786,-141.50308615640324,0.01994641773066097,0.021361269025920615
0.5999919119028648,-3.2091701269262054,2.3367371049398913,1.2867615299289517,-40.34240179940871,61.96951960864822,29.75437856952115,-30.002625185525858,-0.04608820619433551,0.02254733230423356
1.5919739290896109,-6.84806191897425,3.7111023036741737,-1.1799877082626649,29.08791546011009,-7.127423824648076,39.35056287930823,48.69050255755769,0.016497013118583093,0.016394268372236676
0.42998744872008243,-0.3400522147970549,-0.3620368156342558,0.44175290299078507,-66.25236903357057,-84.21938896242789,15.135595483986407,101.56750030001581,0.010752662197490272,0.017464078221664847
-0.999284182598007,-0.0758222163880803,1.6747834298310165,0.4212516067647224,59.438525927620475,62.67632590715612,28.17252862196119,-32.29128143159346,0.015195897084737899,0.02129545614509598
-0.14632989276296973,4.603234023996708,-2.2546050462375007,2.4733927799682878,-22.527462812774196,-13.518466666586423,11.605462506372731,27.33644502656057,0.008161932470004187,0.006265870483425751
-0.10174196270762305,6.210433538331531,-0.7679688400844304,3.087160619053176,30.72490270934588,11.06637331669611,31.58991146636282,22.736054003267782,-0.013816523717600225,0.023662117507180058
-0.1621613291730327,-1.7357846605653942,5.763264960473329,1.678724792907376,163.18906815176263,171.6284844350811,60.725770476696596,-108.69019810478335,-0.014261899885552596,0.01138720114995384
3.583732694443162,-0.03511976534636018,-2.2069816541651823,1.097927991041866,91.06864722849416,1.7730936950065797,30.588319312255976,31.027741470850742,-0.01273931310673637,0.008859030856717354
2.618481181614145,2.204065136469918,-1.8500279883601112,-0.20770118483094085,27.83843127646534,-33.94819958428639,9.20011437909153,45.36082981697905,-0.012944373249713424,0.016974384443392943
-0.3964570263688076,3.8884795733306374,-0.39008621697053847,-0.012741085773899827,42.580939664118354,27.718962378470984,41.92687315220974,16.42042662734002,0.010366376803147228,0.025743947343351836
0.16227507996725257,-7.990786815881926,-4.073898749614041,-1.5457168049295835,14.902714007312515,157.18322050789033,68.30237970625006,-86.66832494803907,0.017339941328000652,0.021732963854239395
1.616882513703108,-4.993495079223515,8.287676423661908,0.580317359235745,-28.53617058638023,125.5481906508069,53.41662258880871,-69.9190522083968,-0.004086220362875313,0.02279258393252448
0.7538878501805297,-2.045827185778626,0.42978540364607587,0.2172549350486049,117.39838093846524,57.41222428925205,27.327988377127298,-27.87172005852358,0.014171386976379987,0.0024790140265706917
1.4597518307678257,-5.304418820686191,-2.7030397069417416,-0.0009779821258940418,-53.85174234378307,-74.72545001657564,27.49560414301618,104.43357001319328,0.021787744173731305,0.018300724896893827
2.2585993044442425,3.361805785633965,12.833144701445736,0.18655753913904835,-1.9267044193045857,20.806096636781657,20.407302029478444,1.8137212462982006,0.027707137062340514,0.027703461308818733
2.838771059216497,-3.1057811254174377,-1.8293200165287062,1.062506752606718,29.47560836620064,53.32705539521972,57.38822854012207,6.273688998503758,0.01862804448349986,0.012215153866916628
-1.0229666986114843,-5.040576534083101,3.412459773464822,1.1900008839863228,81.65552813609014,-51.30990293329964,14.798899866959715,68.32131865386054,-0.00219812398880803,0.01946417537322187
-2.554949960672012,-2.0616244461950166,-2.893620788814002,-1.2949346534182335,130.41799825244107,66.75160389219766,30.881647232089108,-33.65744080650711,0.018657819312301926,0.03128768400724913
1.4879275863078396,-1.7519519385468176,8.2085039063488,-0.09709891672999431,-57.4064819609112,-43.28457341278304,4.883336775331827,50.38042604171619,-0.011148466624523843,0.021027720832619945
3.305004113981085,-0.4704784200258214,5.918967504705654,-0.31578814614485873,136.6021346009694,18.533936928339383,29.35937282109606,13.037951746357976,0.011776442227402708,0.010342948961418852
-1.6193182358633222,-2.401806175019651,0.7385148656492156,-0.5686122904744133,-30.021195416280154,123.56144724614605,46.51836593866889,-74.83056545387603,-0.011111192625231634,0.01977946325610369
3.0577182019936924,-5.633338358333705,-2.1317173950377337,-0.35627939965074334,28.051430850404934,216.9344449277039,68.982808061289,-145.7391210128137,0.014002977095316506,0.02056594973057213
-0.9258847194534034,14.389490290459497,1.9178833739401326,1.446562852082382,65.10762044700256,189.15424847165139,61.423066646287225,-125.51866597176286,-0.004748084384685656,0.020534963326771516
1.7206826088511589,-2.111226124695188,8.409541160301599,-0.12267803377152614,129.88141226872528,120.5840331984637,13.114127018997436,-105.25739032586489,-0.006213152967990519,0.0178406789373613
-0.6117207973752664,1.9679047929935942,-0.9763683502050604,1.5033077216345503,64.6254446863753,123.66486494927298,39.481723836135814,-81.97062525953584,-0.031660607573191335,0.003931531579463021
0.7403113671613291,5.086278285970147,-5.595291480138874,0.8577267720065396,-28.05244279840039,53.869199553025645,75.88655384053698,24.22987014111277,0.0032484577263112175,0.015197471494365455
0.9458573222947714,-0.14720545484513928,-1.6165184388423937,-0.5019754410953452,24.273103629666583,8.400583638851984,24.676337740011604,18.48826995476111,0.007362354940990247,0.006836662379352987
1.702543017244171,-3.5412385242494837,-10.271785413278824,0.531470886519119,37.33890475281419,-39.08753046654702,3.3800844066396394,44.680130726787866,0.007634271867596578,0.02948619118753859
-0.2252062654940188,4.817148172851969,4.924279643009485,0.04697227855800215,8.717315110798454,-32.37650711533516,2.71274713154682,37.301770100483054,-0.005140419940564243,0.011664232266682006
1.3884165650433538,0.3491884987158451,-1.557155575289778,-1.5387475255793732,6.014897907051805,-10.334602822542807,13.081332291776192,25.628450967920344,-0.006634442078552681,0.019668885909543965
-0.17675284578958475,5.244816766937065,-9.404724628773186,-0.4219388225522561,61.94886643081497,5.521665517589195,37.987387898656976,34.678238234668925,0.0150925226226466,0.0104762595791279
4.047589425313771,0.9516369218720869,-3.571748917090676,-1.4494743076335777,-48.58910661472502,-199.05037235633495,-25.325358666307167,175.93752954362913,-0.0072843103654853785,0.01738526268263163
-0.21622254516865957,-3.5920831109506484,-5.540522120169652,-0.5553176341210705,99.80404947619688,181.9069177804308,80.9751108877056,-98.71929103912407,0.01040554165124963,0.02586133383973177
-0.34007050088941393,2.218396951089495,1.5617546669119344,0.6670690786607888,-27.80910177836516,43.047432093136806,30.818385739069328,-10.01653050046616,-0.01597660852186633,0.009784185022435832
0.9047041382757574,4.692754971602957,-0.9658367751409195,-0.5024675014729317,-47.47275619642447,-102.70616275098314,9.999963744385695,114.91864234897025,0.015082922901899389,0.016285631065468875
-0.5905027673022768,-4.277953121015095,17.03893452287562,0.620099133207261,43.74771577586997,67.86987796667778,26.49748461819985,-39.15987749487681,0.007303352203297699,0.017107919324592435
-2.1316306464402333,4.923172718719884,-3.086118127274159,0.07571190448118524,-22.458808036356746,-65.70318685813581,-12.057248025387395,55.85845468634966,0.01571283867742479,0.019401875696378523
-0.5226125495257401,5.803903858295178,-2.8970370235509453,-1.277452991669701,56.45358165980654,-15.4270453186252,18.563818473832242,36.203379646058465,0.014940930153118705,0.02287715519981015
0.0408796319869539,3.0400480386173765,-2.185758090768897,-0.8626861580993412,-46.84880825988479,57.43766250229626,33.71492297752005,-21.510223671175027,-0.010504005635961542,0.01758449902164405
1.5453523388687735,0.931691108263276,-2.2070996568580474,0.5940901187041656,10.451304663951706,25.053818367495193,31.733164337022032,8.89186182312801,-0.004952720639319839,0.012580633021913146
2.2714451084553353,-5.416406069897011,3.2341415635635253,1.9955959048640157,74.73207565949137,93.77054019894751,55.366818376786114,-36.1912059685601,-0.005504438518487918,0.017240589857407507
-2.130401310036831,-4.210927032543107,-1.7171132442331873,-0.3386120258668365,88.45384457226646,16.210814618499466,30.860293044030755,16.86199427913266,0.01307364056008531,0.027753823513466003
0.6023208814894874,-0.3628227214797489,15.289626418304216,-1.6550694793633898,21.16275007826414,25.23262531413553,35.36815932304279,12.348049862508333,0.015655495671512698,0.025569671423638862
-0.9264097730200829,8.678606597772298,3.7298012931907865,-0.6222776265978082,42.89384588711817,265.42710885410435,99.53114837230041,-163.68344462820278,0.010360820233379366,0.02819011629239987
-0.4317393129587838,-3.2087328951994674,-2.307402324524991,-0.4025109161216779,-34.66174003804005,-57.53498046404491,-4.795202441076242,54.95229387656991,-0.0023315184985250852,0.012275843720291446
-1.153517229701879,-1.4633804538867723,-7.290701232123611,-0.09598067425823478,-52.47026435459988,-30.519196905362055,42.73066657377893,75.4623793327421,0.0198848850133857,0.009422611506866518
2.2579671372411725,4.233701008527458,1.6088136149585197,0.9547824055753219,210.20003346103672,-29.280946085202807,34.25703708883313,65.75049902763726,0.005258544575747372,0.012467379778747123
0.3804411026574348,6.01380980798056,-2.75319909146358,0.7077232672295092,-107.3559699646226,111.22867384148303,74.65500662148051,-34.361151366401145,-0.010728388417434285,0.017646517185707866
-0.09765040197659587,10.508332408932914,-10.4858656687744,-2.6958609835268597,-116.63503315242875,24.89670675373457,44.75628831028746,22.07209741015413,0.00801543667345861,0.015214492363472942
4.8921523702060385,1.6099925462676816,7.082278583878612,-1.9368688195292718,-10.243618566514602,221.14908963814815,143.2293880981757,-75.7071856863713,-0.015813706095422875,0.018226154785986548
-0.22953968590642757,2.568328537367761,4.840889129658598,-2.137916099434279,38.16316308581051,162.9033960302953,56.116842600816824,-104.57403757587758,0.0032420076009063176,0.02182711187335018
-1.5605862452730148,-4.235982004455644,4.498670409745644,-1.760588010374131,39.424832705703516,-14.011195149302685,16.126767515644673,32.35047851854847,0.008292106565322978,0.01785784454273287
-0.5227689512180105,-3.9610209098033757,-0.08974096687353811,0.9831557653644075,36.93668232034514,-72.78563004330289,1.7421060316948171,76.74025192859881,0.0002929299327001384,0.017650676681053357
0.7899641271594035,-11.921361200317872,-1.2825386079969394,2.264592454639165,-42.19244450179171,-94.88923785398998,1.6542270868327478,98.75598079442398,0.005104672702039183,0.021578900470593076
-0.6110667363299455,3.5903969898670365,-7.332538911039873,0.9114147144066549,213.13045386841037,-40.90208327001175,27.282331332573847,70.39693045618674,0.0024006404373988505,0.01805366912645434
1.0178165291025263,-4.249543070293878,5.318654863862603,-0.1667957999065856,-23.614685932895522,-148.66278364356575,-19.70354505773402,131.17175443943302,-0.004685810016950896,0.024604485183884695
1.087595338282911,-2.4649967639028314,12.511197725574434,-0.7336614815318943,15.279374570149269,-3.683524925388899,31.254522140294767,37.150562919284994,-0.013581702304455543,0.009662799846031911
-0.7973353098253115,1.703326816809981,3.487660678302258,0.16622457960159234,142.5340842388941,-49.2554647321785,13.440935874510728,64.90891646029058,0.006954261215931902,0.015511594172759935
-1.1827241549705858,-1.6382431028801252,3.5573808381500625,-0.15937379803459317,47.03644826145628,16.643449782813246,50.865352163899104,36.43441823468697,0.0014045567633196327,0.012958977416554163
-0.5389108676972039,-3.078214100926725,-4.082375630006731,0.1691893970892688,-21.08712109038075,62.61477188954718,24.2318500139547,-36.17040602199154,0.005757428373200037,0.011475140694009234
-1.0708372577765122,3.0834265921043857,-2.3221725885101856,3.093023622886246,-71.66819923481114,153.65888398774234,68.43090012333434,-83.0154680108069,-0.009137517103815938,0.020907302249643545
-1.4736165418384028,-6.992205985165648,6.047703033315752,-1.3467344890591715,45.63510982205008,45.98940075919234,41.94356347145262,-1.8333214341387247,0.0013590450237848124,0.009568186204455431
0.3541546866288602,8.43911691948499,-8.563334951714147,0.6148701285664728,2.6190368890853564,-69.33481616148843,16.424767753368457,87.97209976845807,0.004746952604810286,0.0137804950836522
-0.17172908627014674,-2.627969077573575,-0.595392350948098,-0.7540945435662764,130.4397618144042,68.43552797308136,56.28708276487376,-9.935929354606287,0.002106695120911663,0.02479334077742834
-2.4904595108747185,4.356447641632777,-1.6336433463787032,-2.2530692484446697,200.33103676939533,-4.910856731705798,8.333691982683234,15.457064567990301,-0.008088963914200107,0.002476137016821589
0.8564651874948929,1.3456281240912074,-5.712416044185503,-2.118236919717348,57.44768539410751,33.458570425942035,42.279124962536486,11.03307039019569,0.012541752628742355,0.007395634979338039
-0.9518079254681028,9.62137381876101,-6.686692729893083,-2.0229715761894154,-54.58599728859008,16.397052928660035,13.863230021010907,-0.3213070540480203,0.00548022154417205,0.017559723856051423
-0.9789872478604119,-2.8460956594339986,-0.6194663509031543,1.040352911995039,82.57371558482414,98.61792946880286,80.79696472337366,-15.608448891828175,0.0007432708501400338,0.012742292185448978
-2.0390640324050557,4.530095538667733,4.949825475489385,-0.4923790743770011,-51.20197914616771,-178.02627367120172,-19.532667203769122,160.70612232103372,0.00013065759481190216,0.004885722539886395
0.7747241043847323,3.1532604427785156,5.2015887672430345,2.9009252225651587,52.9714731624076,115.87323010794057,59.2637871582034,-54.39692709613587,0.000277875553866826,0.005170949388367374
0.5558812917894089,-6.9254336666762395,0.1596308468934692,-0.2917391382526524,140.39309888321756,1.4066441325601988,19.72626095625222,20.532132677293475,0.0005875614966361926,0.009197422701834101
-0.004271207245408303,1.71598258018575,-3.4466574827700005,0.7041453971876093,104.77153717926555,25.923472625904573,23.168827989735775,-0.5421287825674881,0.0013158990434616342,0.030819065588006733
0.2962550754304355,3.7017346130844815,-2.736193893356382,-0.9207609295281219,26.99393706154504,33.48211100411214,50.92292013806863,19.653324987557653,-0.0017638658228009679,0.01681261640462628
-0.3264797997156347,-2.7224039061910825,6.972085963211351,-1.4984882596123619,17.02541390510382,-79.44917788221652,14.744429912969366,96.40612364878712,-0.021339559907056715,0.009060549518353112
-2.319655512231707,-4.013596652704006,-2.8197190974531012,-0.3347957872053345,2.1508626450655983,147.93740870770336,63.49427381654513,-82.23061903755706,0.017206128491237482,0.006835270000800087
-1.8714664994792312,-6.239106181869523,-1.733824577811697,0.6414800277509353,34.21728472396923,100.19907336351768,16.159676600722662,-81.82688090919396,-0.04162078959909832,0.0027026178339890627
0.39208425614897946,1.6931786792862074,2.3363468420340743,0.7257611839227072,10.189117739337846,-31.191363447576094,19.49326073495152,52.89714003612903,-0.004750162196469841,0.018873323973638723
2.5560888476302046,-0.9858702374319352,-0.6631861590003172,0.07377326311915042,154.5293557491334,4.389729104600668,12.087088131815989,9.909874880816687,-0.0030006691956185865,0.019206216398743647
0.5653350250010791,0.5149572230221912,-6.049805596932485,1.121085633104057,-54.4064136230254,67.17013052714036,54.95237193774233,-10.005242735796855,0.00974655217486631,0.014613565704132192
-1.42750838653696,0.8578794778562379,6.676822646834627,-0.32183854507888887,17.589861657655817,-85.16414123597731,-1.5599923461530523,85.81666474342546,0.002890720732342091,0.01591405249860811
0.4194112773542351,1.7347205793799119,-0.6061814367212963,0.18250218781298116,-35.624796546394215,-171.88704416740617,-10.990600724640075,163.1089592963674,-0.008207999240646522,0.012217978338984192
-1.7192972247041405,-1.1551798954917871,3.5810256771324367,-1.5222466610245573,10.01814359733275,-34.92421302619181,51.8406494314234,88.97737831121663,-0.012223836992997004,0.020582924618977483
0.14853472714097213,-0.48802901491099593,-3.6894998057865687,1.6352527958227647,102.36629273360569,-95.5217342619278,-5.707349329377621,92.0269007861516,0.0032107467042661337,0.005257144714797768
-0.6861722953269982,0.6918110775622254,-7.737443627927465,0.6341729752802115,60.519302113669376,71.2662722304207,38.17759424545142,-30.87616213136812,0.01780781497032713,-0.002012642646818774
0.5717320224144563,1.7375532521741797,-1.4711937332683607,0.3818267748410702,30.420443489934083,43.69716512045039,34.37316523822855,-7.111484028620453,0.010913905096743505,0.016229759130872212
-0.5559846755091055,-3.523667731301519,1.0401487019430107,-0.8631601883744593,-30.964181584914613,40.132427768556404,42.5648027589144,4.644890843959274,0.02848846424443785,0.02054863122919226
1.4887787235480514,-5.348814261219038,-4.19725210593333,-0.7234434253960139,-27.100032425960045,82.22183441106125,78.23498990399295,-1.774328653467137,0.005036215582300054,0.013660900631231598
1.8992908872506704,6.11489716263037,3.078756260340529,-0.8174514386144467,176.7223514223594,2.594230558346541,14.004261965939776,13.622547261194313,-0.006765842413476662,0.019526682773320925
-1.6482542259195454,3.927522060978478,-1.6106664754159266,0.9485973293996824,130.67510014123607,24.09222567457887,37.57553555186644,15.6958257308886,0.014540611922569282,0.011757166476280334
0.5221523044192482,-4.161097550999006,-2.854064951041084,-0.844468674487246,72.31939848631755,-43.56806018032589,3.3448272199609335,49.12540325388795,0.010628621047939603,0.025048487569149014
0.7765658857332007,10.31749187408986,-11.618598796748351,-1.2099907081236758,85.871003380778,86.62206000038475,36.479020377777346,-47.93052376900596,0.01182594680405691,0.007880087597356367
-0.9947209691541502,-2.9788516786981556,3.907851741875159,-2.302270467275618,46.68959308006445,-52.07471843332852,6.236446785683654,60.5236810726135,0.013641105724134574,0.025749881690480203
2.442861929415199,-0.3590207810925331,-0.9980169209346937,-0.1535737756412376,81.97198155542571,-32.540112046855604,17.847445109648817,52.60007301010569,0.0017217458443388196,0.02085613763839267
0.24166786216138217,-2.2914818369057834,-3.227351546467318,-0.8094602563095538,-18.698246084601774,66.2209499707599,56.57845408163544,-7.429980035523386,0.0066193079300607156,0.0075004698755201105
-1.2641515025548369,2.019779108342463,0.07041778039205192,-1.5760649880751738,143.1267354874177,142.9485226897418,54.331519314507545,-86.40448752163297,-0.006437907153238996,0.019917786770393464
1.5738904919293595,-0.06557195059755634,3.1504099008249566,2.000463369776233,213.37863277669186,90.92444214596563,53.9292424646774,-34.782683827686924,0.009965223729770713,0.017379516383589255
-0.5694381478568815,5.860684150987374,3.77217627363941,0.666431771617174,125.309585718455,-35.26879106042727,25.210558337184295,62.6918652512129,0.003716967743297774,0.02279134472958355
2.613881340373316,5.248167666096221,2.6955054235266545,-1.6990479385022497,-14.353741074257576,81.56449974583285,34.62278972422783,-44.72919416800369,0.01412747524181457,0.020713205478759766
2.100064236247167,3.2609114419448546,7.677663750692928,-0.22981576461834705,16.40770820387946,-65.91600753914403,-22.03653492806052,46.091988464684846,-0.026772862057823477,0.027438926068812375
3.1133377474474595,3.70902863936361,5.686597964128851,0.6354639987636189,268.2772101813111,125.55744475985225,57.02173435328271,-66.32319455296829,0.018344472189921746,0.01171642897047831
1.2867782018551863,-3.2641145639795734,-2.57667715479347,-0.27842886589143506,44.54526481491069,-2.147106409850535,24.14861903211616,28.50824129556804,0.008123837585931605,0.018101800993011175
-1.6108902993044159,5.9180491885961155,7.073853882032511,0.2954035749353159,56.526472256546825,21.467431037287692,34.597982372863186,15.343067189176736,-0.012765163124502042,0.025404421825376167
-0.5440203210654946,0.3821540603072492,-1.1125603131908866,-0.5091815302340356,122.87315810946141,2.2937126227065434,9.788960267804924,9.707763498699478,-0.003392391468497678,0.0036206864393684146
1.5139793433356403,-5.191519756339234,11.235064778661295,-1.2857323267759173,-5.262293985084011,-44.17861420327804,17.824901146466203,64.21603120334544,0.008165727375888611,0.01698418897232612
0.16895449426823683,4.323792292451114,0.05757654885594209,-1.8501296614585736,18.79615591349875,65.7728865764796,71.22106381344952,7.660693090571158,0.0005194676640103441,0.023720575099704044
-0.800386662900112,6.859430948944931,-0.634524396911812,-0.3109689340653537,156.07170817663018,-46.56551835339019,5.434294341815871,54.21232854880736,0.0030425347949574206,0.013765890749064313
-2.0447819575863333,-3.41218938072634,4.808702870002711,0.5018355547131425,173.41604269623198,-24.503384246721303,23.69076630492279,50.40666640524546,-0.013153479181858161,0.017515795665076883
-1.3658344955540245,-1.6843342487160777,-7.901281507544581,1.6780730551521008,69.5841158506684,176.76027372411818,82.52073734602558,-92.02702052449149,0.00708363894451214,0.01940574337563672
0.11407227566265998,1.7519215448105565,7.828565000974779,-0.6815539006833582,10.920889361237966,-10.790563034526063,35.028459428585876,48.031538316713295,0.03498534280743315,0.01825689939853503
4.127641476240295,-3.0923839916090743,6.626605777071695,-0.32798720402505993,174.87917907273476,-97.46287971832629,11.462946839944408,111.13834241187192,-0.009191749880296028,0.012112583649519948
-0.4904390292714103,0.28643677894696024,-10.442917811894365,0.38308434591098095,-24.48208769447946,198.628565848324,97.63481257992933,-98.7812374147934,0.0009478895194519072,0.012166386845001709
-3.1047634823585346,-4.027812637170386,2.2575098229236343,-1.1960371195998665,-22.81106591978587,108.21005841040422,51.03423815584043,-54.96330440096267,-0.016913027725443452,-0.0022860777317035286
2.229863083506388,-2.317176991854434,6.171261000898071,1.1977243200566734,-27.44315017384397,-18.210952052755523,21.058582923456726,41.48205082981349,0.006048096439058572,0.026240641083203453
-0.554788307744803,4.9399859059142015,7.197178021405902,-0.20079211467309885,147.8396756322213,105.95558143894303,30.31450064624974,-73.42856493909221,-0.005095172024456971,0.021252520180831125
-0.13912544312257066,0.007334705277489783,1.0045844046578132,-1.0690677277496379,49.458410624044966,84.56792663051473,53.59074806416919,-28.76466271274421,0.028144126848115292,0.02549173064076604
-2.1833777401275403,3.7938204801252864,1.566677921262418,0.8079251157485278,-16.72165771151002,-103.40077931998086,18.861300990693792,124.47459616427591,-0.007370449281698386,0.023415552265071415
1.720772740935069,-5.297558061191621,-4.014947830968459,-1.2191630098390265,26.51197608618998,-28.9048006168773,20.60755074353642,51.72486721401515,0.004709329198681058,0.02408404225480032
3.266812113054729,2.13954513177982,-6.157896124210825,1.7391259048414143,176.0999061396698,-117.06846219507798,3.6287359600012508,122.90971400868057,-0.005028964177637095,0.009243601797662038
0.9322336916115427,-2.4535632661321456,-1.5347599125255331,0.3235928643476754,183.5277078379846,34.040442300085395,7.26208451508333,-24.565841931400882,-0.034452036875136316,0.012965816232728411
3.84836467153659,4.043424638901567,-4.5387953045545775,0.11823520490882442,-20.08295217586758,151.81801594424192,48.63466566649171,-100.97083442414896,-0.0009322017664330478,0.0020473369817182174
-1.1077018071413591,6.054002723843467,0.8027790470422596,-0.688269886543858,-25.738760868325038,-19.02089795246652,12.692770029574206,33.92618383564195,0.01366756521109225,0.013690202780555438
-0.16328455756170251,-1.8945031530257095,4.081503373066629,3.0167847183060057,-29.829917693169453,-64.85390498453607,-1.8813841417774029,65.18503669635993,-0.01104505948691603,0.012431299666798568
-1.4021166724097969,-2.004162867780021,-5.698996513561403,0.7429364614699767,32.68021186318803,-79.98240404102904,13.677353881510669,95.8722737761409,0.027225158329521992,0.01538609654277212
2.369882072544152,-1.7012449013116693,3.371808166244356,1.3790625325075185,96.53538416273324,-60.73621576799427,2.4098272157124256,65.35855883730778,-0.015266703640126498,0.01434433889766562
2.3738984981232076,4.786269869346658,-3.5253070952456977,-1.2634770600878265,22.695289675308693,55.59637112012772,44.49487058100641,-8.888984685519972,0.011307993200920798,0.01668666983028877
-4.5581453776899705,-3.919150262449342,2.378966559157167,0.013950751815509504,122.00920795838809,124.23266190121325,68.18671610731013,-53.83342994030181,-0.01666228894513777,0.015175866774491897
1.168649815388881,-5.484311609928111,-4.582319633225314,-0.7062645975653212,44.77317752159326,35.21524557329742,30.35578372513359,-2.646945994562657,0.001233834388371104,0.015469799164234521
-2.094880035460676,1.1776607086805042,-5.916076021958188,-0.7356154546707645,51.639779910040176,-15.297929340379788,8.113009518689722,25.623454712670764,0.0011228468606858683,0.017820779360536942
-0.6090544751625764,4.5556616652844895,5.80364824861304,-1.9512783611340832,103.48213024551865,181.79006391132287,107.26958076297572,-72.30796729474605,-0.031326970668291154,0.020005256665196036
2.0854194585453207,-4.5057485545083535,-0.2642042993556521,0.7002161693215012,-82.95359069580725,23.90901677453469,26.192635666074494,4.496134745141035,0.004424746373473011,0.020635665611790976
2.5224049854044566,3.7289730239359136,-3.239824528469352,-0.05350715415956361,289.603175289212,-44.75751975112256,21.69405743778907,68.66409304251306,0.017381413973623916,0.019942969269601152
0.7620355858387833,3.7590622135035,2.1306642933463724,-2.0633286285158636,62.309352396958445,-27.173105336379663,24.203692510665917,53.5893137006467,0.004233182008703375,0.004766104241145763
1.203464409154968,-3.309968424468361,-1.8983721268230578,3.5714694846305712,146.35507782223058,-47.43880947367409,-9.024687025318968,40.62663830195629,0.016299690222257412,0.011268805202317544
-0.3698816564192562,0.9137802339875618,1.3536743353069907,0.3212652226282125,114.83439404455137,-9.865587972061327,19.771026681121327,31.849130506783695,-0.008351669140801874,0.02582261812690545
0.739709119115056,4.521052579648875,1.0250361355291506,-1.1782489175709145,128.27457127835743,6.195735534881622,28.11773909311512,24.134519411834617,-0.0037928370848792064,0.013406716223671067
2.5422718494848255,-2.2978870341193716,5.012120612662412,1.8269976817473752,46.330803985164536,94.3403102726229,73.18025212499737,-18.947542294024515,0.006308379348632489,0.019261109130875198
-2.1537464581611885,-1.5578657674562975,3.4441615570170505,1.0695583930022359,-7.982376898169366,-25.374575919146736,45.19680861156249,72.7839003843103,-0.012048891105663538,0.02928433058125579
0.2500967338998994,-5.974221069920702,-0.567716708179457,0.19790538671414584,69.8738922143416,78.80669992256846,42.97058075607262,-33.6236033128946,0.03335115789613585,0.012318208092888083
-1.5097439140118696,-3.672527499808161,5.041808488270387,-0.1740086210222703,-59.9043884705844,161.00519451863974,73.552189915203,-85.24048874983578,-0.0018850338651203984,0.014314021248225117
0.9026039952230321,-1.6116231251192752,14.090164947394648,-0.3804337650782459,27.566254533240855,-163.8603290514547,-21.559675918570164,144.51316898648565,-0.0122877108931132,0.020610243493883962
2.243254612867883,-5.464411753237897,-2.3394857821544996,2.7744370649336343,25.108647236491286,-67.45169021502372,4.047247831224922,73.71145389984986,0.017032604633524295,0.009822780998406833
-2.128196736589433,-4.725864468073216,2.8314134739504357,0.5560168400076205,124.94533377729607,69.18807168680073,58.41189137443018,-8.563664458769153,0.002861496667721621,0.011191843415541358
-0.1949786252414122,10.512233260749062,3.4151569752340594,-0.9726879984018966,-175.21617084210962,72.71515867620116,14.26248922777367,-56.240153594826324,0.011184462017356013,0.017405249709087967
0.029848422290114786,3.5848384084872595,4.776368556108,-0.34224858148352727,124.48591151843698,117.68283943760855,51.10960184929854,-64.3607217347087,0.017860615727085305,0.014064542984021822
2.557343658730349,7.52491185619832,-5.072403958026766,-0.7861343911804456,142.79417924729412,104.31763838989929,56.038034139735686,-46.06708839656244,-0.012073537974033098,0.025051221692091064
1.8625194166619343,4.0653425015612,-5.738610393700468,-1.3302307502095345,9.73713667398004,-71.28732323824019,-8.24684237550818,65.2529967163332,0.014438843739901232,0.02537462643628352
-0.6927113108775098,-2.04663472871543,2.3414500845890145,2.4100778382752557,-17.169464006637668,193.3437973117162,81.25068803110372,-109.88059342701104,-0.015357179088692717,0.013062217596552683
1.1722281833860828,-1.8584121310204023,4.122663828686572,1.043029640729272,96.4337391479009,-26.0842229937935,4.944160891207929,33.24089973860259,0.009025013909586212,0.027118184352911356
-0.8334589413525213,1.359038442827231,3.576515146094338,0.24802034858914743,15.105314347733621,-133.11366470429786,-12.899209592825912,122.42697096507322,-0.00267881880158005,0.025385921453961346
3.5865911100147865,4.486024864248346,1.7747870245476531,3.1271372465743776,-126.52800077516082,57.18429314470682,31.14036529884882,-23.83141199225679,0.015130218880320847,0.012406497148514717
1.1037647346677397,0.20654643200478026,0.49634315779305854,-0.6571731115531889,196.66062190881075,188.30261518665495,100.20283428709382,-85.8872650459598,-0.010268786389298288,0.013441835533762214
0.11067005442158252,-2.835807563691917,-1.1974013401331032,-1.2959660471269632,24.63302761841039,-196.5004857218504,-15.922931225148957,182.79007035030259,0.02919622405233735,0.00888598626157755
-1.9844442508671782,-2.4315192553662137,-16.356077594499425,1.309826895259338,93.16642071336517,-9.378362368751064,27.970381350368854,39.561259572721156,-0.005156751059731455,0.013276513358422504
-1.1353130673123153,3.554874646124553,2.79927638010196,2.2757753970927905,174.21546594634472,-67.73494253385304,14.503743355113926,84.45120174256817,0.0317361246285246,0.00013592731069556052
-0.2567208968382625,-3.1886524027742027,0.8015787694005183,-0.2851354507802178,-30.397507084501743,-57.86218143000682,-4.69186255553754,55.38283472807052,-0.012606233418990474,0.030123423465048926
-0.10254537273189335,5.147681828822044,-4.153480010560269,1.459053059681585,87.03802570603985,-50.55154624311256,34.37052698168799,87.13458907840163,-0.007295664307726433,0.024861167814888008
0.5404215160915498,-1.3245153012937978,4.98813831866131,-1.0171836078054983,-17.257265963195326,-84.03925973078745,14.568389470830596,100.82016505521915,-0.004954626356443724,0.01280761788380591
-0.4660730803227946,2.7081317936932034,-5.93518663650518,-0.9969445409933092,-8.856230409197286,290.4157647983375,61.68983929145952,-226.51340965327654,-0.006953264204895724,0.02199387657348484
0.4720339422091761,0.953555729865446,1.6045813092732462,-2.064580938681597,79.20511110736612,129.53058330198942,58.414051464008395,-68.90401598437984,0.00026435787263046247,0.02089397681241545
2.5644434845483923,-1.8706635518562462,-2.816317401047493,-1.3451184805468592,90.32744556752255,160.02133759934247,77.187480646245,-80.62134109949625,0.0074124599426561594,0.008328223988572026
0.6108258615941836,-0.9089775383198175,-6.012386211773099,0.794783654762652,115.53536579567795,56.458116533756325,40.382772639768206,-13.86282804038683,0.017282959013450894,0.010188306383208223
0.847504063955633,0.7299773407670617,5.8870203503896334,-0.3859217459429333,106.75640380938995,32.158010985922786,35.2720506388321,5.326555506510431,0.015114396886425132,0.025337436113536338
-0.36277354353947516,2.1199167805521184,-4.127814144745277,2.3097871804506984,37.88096789731157,42.127008293969624,10.19110109564076,-29.723391344727588,0.003803264242944639,0.022109970219622355
0.5971312166841859,-2.2507580612459774,1.39498161071624,-0.1862984373369114,72.73705336784158,-188.43638156126417,-4.802974636346278,185.84592277851925,0.008571350517981415,0.020647978882501583
0.18693615672302197,-0.08649325715033775,3.174979533742154,4.198681561390885,73.00141314824889,31.96542720364092,23.410125218487167,-6.342786131552657,0.01598066936277065,0.01676505113179716
1.7193377040932496,1.4226425063359636,6.592043523578211,-0.6988552638469228,27.14750914247789,160.66574425131867,57.339091226133604,-101.1141371715837,0.01152015933634143,0.02863172779480183
-0.5914825671172526,-2.335134302150654,2.5096948190618162,0.9563514134282833,22.441743539799443,-44.86968453264319,-11.874985137733375,35.20721524851092,0.0005541233384067663,0.021732223241104576
0.9867981138398678,-13.571797156165703,-3.0221381811770502,0.15695736783510514,33.91719669622573,74.27603871233137,35.89446550797743,-36.16905735075261,-0.0032642349563793954,0.0162273325458
-0.04842340305120162,-0.373641347732514,-4.389083178502031,-1.3728651816103818,16.096781384120554,-115.14424872557166,21.209591064710906,138.56635564388375,-0.013447429004479037,0.012722135429989567
-0.8726182966321934,-4.409703352397912,0.15964157110798144,-0.4732572176248406,58.29664304729279,271.9895591323554,100.21915084915875,-169.55789242959554,0.0001547769219187884,0.019796230453338337
4.019991113812922,1.0358763954644912,7.449704254416869,1.866013607444019,53.59042804031999,34.70714671028277,26.55505674465806,-5.939574112023365,0.027995797160472957,0.012310056452595086
0.5387112791543043,-6.864910383880286,7.467306818188382,-2.571895843767202,268.2655147209259,7.3508603195056645,20.850806889473375,15.712462423568923,-0.008886137795037772,0.003907079055317952
-3.835516940052779,-1.9150230219927988,6.756995653630578,-0.2993486029810725,64.56425376738547,63.33040026629064,43.32149796425418,-17.79638644843544,-0.008292542442817073,0.018590776669595632
1.3608088190661192,4.174862728639102,10.541668555613322,0.8498373323980533,70.95771025905648,115.00796584224986,73.8263577641784,-38.96909222447016,0.011500607162650224,0.030012048600909003
-0.8843361091098211,-9.759066340116986,1.8283996988663698,-0.835935439511565,89.25450844663715,162.73611781860222,38.65739596264012,-121.86620600236074,-0.012136679474442856,0.010468391384106823
1.2456938004051514,0.993977609362842,-0.42906772180865455,1.2602548646554619,136.1503475126471,10.530527140776872,-7.306662289849896,-15.624673577025533,-0.001828516916044352,0.031536038015847145
0.8810911075026676,4.032622076357773,-8.07189704609241,1.6073947863424034,-14.635296779493038,18.645505511999293,42.18836876258439,25.75537910418643,-0.015927972691181624,0.020256705205897063
3.5523604024146604,-4.132658183438637,-0.5919291489356898,0.36434871130395724,-34.6458767853459,-43.5960302518092,29.667763551396575,75.47630965680719,0.0036386007873832078,0.025266540950116045
0.054638487036575825,0.8902278350505013,-4.042715423162055,0.17798792627145937,103.08037592716795,-36.34095410215624,22.193302563695823,60.74677251945309,-0.00929998829257994,0.01513514093010504
-0.1887269623356245,-1.9392445672205265,7.540299615866023,0.1231602175681339,69.27207475459639,-55.122938542136936,0.17753470574712082,57.512989101485346,0.009924779328684076,0.019543912755977333
1.8662451660652517,-0.8933061703090864,-3.1951648470103997,-1.0681579671845116,29.727634295795156,64.3643634724183,57.43669078645061,-4.715156832366574,0.0218543511283662,0.02612647367943932
1.7612320954636376,1.7587710124040852,4.019046385329682,1.480305978233293,27.089253255130494,-5.645275586402806,34.90423107692891,42.76202251693303,-0.016884030796938343,0.02208430743008627
-0.4372630977005374,4.101471344948697,0.7673543837101804,-0.34665957876101855,49.0029100089349,-15.392969532895846,31.38130638358797,48.98679177008512,-0.005012342270145352,0.023252621217191072
2.743385801944932,-9.173242914613997,-1.3177099261100835,-1.4605020733697132,106.43089056664478,-0.36454115070591453,31.44531904953888,34.022376053845846,0.001871555726226994,0.02906196354884183
-0.3527967956578818,-3.372680281855945,0.0507402161455179,0.36661548909990765,58.37415323984624,127.80605340006096,61.0700876941294,-64.52344985233026,-0.013082677469678615,0.03314556816125336
0.8126242865142802,-0.6164561236958145,-4.527526217002835,0.6948914595871143,173.46407223026313,185.53932181599353,45.33225309641858,-137.99455286597367,0.013186017637034865,0.014678813489768627
-0.4114230131720359,4.141166886868744,3.878813203502756,0.6348019099889568,66.56571745729978,152.90732576732808,71.62738598252326,-79.06742393120362,0.011495367546232817,0.024927124890084418
1.800280342279507,4.816586483679895,11.265111279751363,1.1677251565401825,-1.1465649922077619,91.6660796454598,69.96828977486214,-19.485274016996527,0.0028932842879390037,0.018547807094561275
-2.1332215655059423,-0.06545900955856905,3.1489908340822685,0.6004414486332003,101.74503996516883,95.29792847999002,62.69891127312624,-30.386501353262474,-0.01970204155430655,0.016565471424089484
0.008259800901741757,0.7777896447706376,2.242645480308031,-0.5597649249960577,-41.43156802847168,32.632476429961834,19.95614821186072,-10.463812364499972,0.013757429178564042,0.0066380761029340984
1.7937757107985717,-6.801415525695679,11.437278634032277,-1.0424085064412596,27.263230313516104,68.73586219851491,47.718040788937344,-18.805305555976474,-0.014899243267370353,0.02435586263714007
-1.3653827127214027,0.07446641257544062,7.708039752669051,0.6706704917581975,0.9292109335005755,-117.4498918060436,17.089641502522227,136.75204916216717,0.03534557554121753,0.020256369610998748
-0.5425110857376605,-2.53170797185674,1.635691895715163,-0.5821415031229837,-18.89044428791084,-35.40149881005615,15.425207896681286,53.03922256033866,0.034989262968182056,0.017980422355241332
1.1444918464730924,6.407860116340547,-1.2381982976752508,-0.11514468184832584,25.33669799885133,-100.98543881908317,7.182529402126534,110.38048407481097,-0.009923431606814857,0.030796764885591132
1.4506052405059993,-3.2976757091671844,1.9704845734276,0.7366574026546229,-51.2853679573318,33.578738562768535,46.7706395132183,15.404416804050925,-0.01716833607870849,0.0396760404080998
2.662541517642819,1.7556303640330726,4.80235677808962,-0.07294728183033201,-27.135856510003347,67.9111955228114,44.6685789976616,-21.030100671548553,-0.013590402356737028,0.022365596204858562
-2.438586269516186,-2.7120228918452454,3.057539537244255,0.27616602884064584,38.91021046866109,-51.87574053814189,19.50596410550949,73.59422049725276,-0.010511854715533618,0.017280924722297586
-1.2911146003011154,-6.908835114860476,-5.706314113016291,-2.2774951004898836,-14.251286364697453,-21.617676340721868,25.489328702973722,49.3195208972968,0.012189609045395457,0.01503126190204851
-4.571981968794847,1.8699159413080906,-1.4841136691028387,-0.5602877423557507,7.349570519754194,-2.527362250284264,8.175274146652185,12.91515225053763,0.015859486308382742,0.009210615261650235
0.3448469727761199,2.642560606484949,2.227895356588375,3.31413251732264,52.42472184981048,49.01475775219251,43.622109766256614,-3.1801321323348475,-0.008814137684530097,0.01474804430146115
1.4993054681084907,1.5075042786434742,-5.233230010541797,-1.62985986957091,-13.272735807067916,60.48891103575188,54.79912637605898,-3.4772688060918426,0.004964742181015726,0.012230430169126283
0.8377600834260825,1.384982560339245,-7.114965774505668,-0.3158594329150568,93.75967372405847,25.924352154468792,41.865381765775396,18.153545464907893,0.016302493797556217,0.01837207492442894
1.9649887635511702,-0.9385869182763228,0.4633896780308032,0.10146539743145565,22.843145537137953,18.215901698887148,3.364135448196663,-12.6392503970892,0.002432819444964542,0.024977442472459144
1.6351505869066298,-4.929805161697101,7.513735523089618,-0.2945513691460622,78.50698744160395,51.15049091303899,58.786038914110605,9.848063854672773,0.020442308921431618,0.012297377805894127
0.8628431814448118,1.9033925763853996,0.32701529061592105,-0.5541766324274773,125.13478534106153,-78.45091236769952,10.866027685435228,91.52945590673585,0.0014131353349531323,0.025971213867807208
2.096345352201662,-9.741037182828036,7.145310083848045,0.6640542305739803,22.630015776911936,-55.62304003722934,11.147284291646372,68.98284018247682,0.005071541889671407,0.013510092791264361
0.2604495969530182,0.5903000894492635,-4.54698247120946,0.40954325607522707,-142.94492870458728,25.069029643791424,36.10366774662603,13.247153956435568,0.018374454682103414,0.03314527239869913
1.8009591683031758,4.21245377737059,1.1673321279293611,0.743831641144806,-1.9069399014657975,-8.721767021507704,-1.2608188566519516,9.673464018456798,-0.012344632076158211,0.02122391443543492
1.6258889882510208,-3.123219164367294,8.675348250076913,0.8540058287964869,-75.25370490548046,-91.19079402858824,-1.720934244727374,91.6823756374622,0.024590196848149226,0.01851951332298918
0.057138015075211095,-0.7594805899625248,-0.5504093782262104,0.07239642767046786,82.87053520961338,-57.088014973660854,0.846396633237049,60.146927460499,0.003946319846235726,0.02492981099973357
-1.04868000441427,8.253873213709307,0.8916869915074842,-0.6388402678230758,-10.367472385168004,60.69408876339557,71.74994091233609,13.26836800254182,0.0068279138201028395,0.018097482765726536
1.0013869710990895,0.03399408176865341,5.281627358658238,0.2800671288726443,21.41154409129205,88.72674506732744,27.258599425245222,-59.2556297884812,0.007861709063385904,0.013033074061791883
-2.5162087519110363,3.4579435106971137,4.870683276962987,1.323462852064877,-37.16212644903107,-67.66859213055929,35.10395247932132,104.98506046348166,-0.007157049282636272,0.019819225463495016
-0.8610100707085726,4.871636034679339,0.7160828372460089,0.1419926032970092,-4.681950926399187,-1.0259821745826427,32.907580333244056,36.146078361427726,-0.006326667748473012,0.0339483914062384
-0.6945013903730236,0.37410811281726075,4.774534305675872,0.4607732884212675,176.4911224418315,-32.850244063444215,18.393190072634837,53.45594998968022,0.0015322903414727324,0.007389733927727349
-0.5163598567518833,1.9444594740454049,-2.8578273731975687,-1.2470509585484117,38.073161512320716,27.136703832132692,22.359245353848053,-2.564942624683681,0.015531905325219421,0.019045332881582056
1.0473822888279665,-2.0439663534580155,6.54994242405054,0.570267353404037,104.13889311628931,-3.116268786550461,11.347726411859043,16.67651105201071,0.002270054538761725,0.02597798485773062
0.34935631042611004,7.744027625445047,7.0971130716986615,0.5268283851028754,-41.28882821030583,102.30775420330912,56.3498862377414,-43.74535211196667,0.00893206209783526,0.014066739492789582
-0.32493659718499224,3.9582705277793795,-0.47230537050120003,1.4405809642759095,67.69479691255668,45.45073788013125,25.680454879472478,-17.557767147057575,0.008211901050769745,0.021467298204635554
0.7136762496027542,-0.18592385328129954,-4.8110577463789,-0.6251805353215139,103.9521666769511,89.34436173474253,45.1015636727094,-42.0302822084318,-0.05296346780287664,0.018079898291460283
-0.7173615277127418,-8.652318311132513,2.39269132314169,0.36726591514821444,113.99151783078518,-48.623240423983646,35.65880364077307,86.49455991835794,-0.006873777504937227,0.026527161928886045
-0.9722538446964641,1.0920699437508012,-1.3261115914321069,-0.8490560734802383,246.19821999836526,84.31534581094334,51.54097468347115,-30.561855273870833,-0.008317054053775584,0.013878967643092377
-1.9062368285105689,4.374610507368166,5.466388484463216,0.8467028603372623,28.84200829626998,148.35163310126254,59.50890932916897,-86.63020791849226,0.001518787192527517,0.015513594993294966
-2.7725728342753415,-0.8176650041999906,-4.958102248620138,0.10157458670020082,132.24176355220536,32.59096057354501,59.8253522944768,29.446907574533043,0.003834438703043343,0.01268302670247956
2.8678751682727324,-0.3867923606819017,-0.22369355555202153,0.4569072382447258,73.5870028038298,263.91276250947027,81.06086077818875,-180.6393858776803,0.010206428131438685,0.014578487227169923
-2.2589903317620545,1.1687132442087151,4.345340589149536,-2.1083094016201045,86.95916695603168,119.45282455048776,62.56022271255344,-54.68008598433312,0.020309430752380786,0.013507424724742867
3.925795858071209,2.45726292184432,3.4182289045593963,-1.1432975417374793,88.64738672113843,-67.3599365189926,16.582437646704392,86.15489001929814,0.003529436872570015,0.02820664143716356
1.6840908778584032,0.6070776927071464,1.428475978077685,0.23031628594176023,172.45626761555624,-30.99535486421317,29.806224295191612,63.01409501300577,-0.00461737076481916,0.010207622035492303
-0.2089472031511208,0.2894557138892363,0.830227922973986,-1.2781086648741575,61.13864463054905,134.98804870062924,71.49713293134181,-61.27839991568635,-0.01383982794142402,0.028905699147094177
1.7752242943691436,6.382312852013759,0.44249752989924007,2.9225798683091346,8.695410371502614,-192.53315725092588,-7.678437487854552,187.06723561667263,-0.0012727213844363466,0.01787753122829283
1.27852772895964,-1.7996584818858123,-3.854734105727299,0.22860023302099544,74.66642283064702,-53.97501517895299,-8.921652483339187,47.265878549214904,0.0369141354192839,0.026004114752385288
-0.018659751549199778,2.507007021896433,2.978982154092112,0.3198915058859156,36.406640006182535,21.277807473129794,23.909721165904273,4.8444295463755225,0.003870112378384862,0.018833875965523994
-0.15895085097317901,-0.253450179095328,-2.7550935827072296,-0.9664765860425351,81.26627288598579,-15.437743251260436,23.161817852873156,40.81207695773492,-0.010405690456447124,0.029787089823601454
-1.4946105994048928,-13.862579665121501,4.286241971835509,0.8114038012763986,74.52484474359181,-108.3649170144897,-14.368300795252154,96.20913207283888,0.000835367749917772,0.016331525829428317
2.3105997103188134,1.5452008733652305,-2.9397989082738176,-0.7712403518726325,90.44979243215008,-6.417423971266958,15.577068926884948,24.207008751752937,0.018974498215880597,0.021734898899274935
1.179515057850567,7.467755156939974,3.6979168331460355,-1.8788035614124527,-148.55748593859124,279.5422762865534,92.47624144087402,-184.85351899207808,0.016534573066228297,0.018381913141300554
4.174256960572033,1.4336590907844229,-9.328858608870233,0.8104663426027178,158.62906367761533,-8.946997602883302,5.593664099582867,16.753177556067385,-0.01352918965678107,0.008629094576342977
-1.3287037685719916,0.7294857130327408,4.620898875964772,-0.9513306416124995,11.45666573675851,62.907621524982225,44.98116844750058,-15.713937223880293,-0.0011012919356121458,0.017362756435622018
0.9068103547724947,0.20723206479467257,8.583005838810477,-0.3862108069954464,13.861452956774869,26.701453217088215,34.381806386029126,9.8928690225423,0.004846213587650141,0.022625319811407918
0.06011878173785209,-5.990679885980798,-3.4757167930203687,3.7061992799582986,118.90842230017734,23.643603994383444,51.81535255781611,30.38426441703382,0.01921312879354775,0.010175490051446134
-0.5479928174852785,3.5095074622517766,2.1582491567742186,-0.9716720840742215,-66.26262812799084,-27.06472896112748,-0.6331301138901893,28.6441147008386,-0.028972490948353635,0.018150122888945575
-1.7375345913024414,-0.06301494382654166,-6.643740785685503,0.2333396198622087,42.51557857365365,216.6943830681449,53.93285050413405,-160.54901671040966,-0.001585524190329089,0.023092721250697945
1.3666418288612396,-3.284030550844602,-2.618483431674717,-1.6948581670535452,10.766610824957388,-73.35207374235263,19.008835994389955,94.57342559034373,-0.003915739917934589,0.012701624290629487
0.4417154169007527,-6.189118347219576,-5.315897701395061,0.21753417897396657,47.370267953993185,-33.35376949723893,11.621111536487888,47.18739688732808,0.014935651641615701,0.022250924550409
1.2998685167403552,4.572743376609589,2.7006895861910305,0.3302850557349964,-39.40998351805199,-135.3450369372233,-13.685546304648568,123.87200648617613,-0.00962831110761053,0.016999484750466864
-0.833387142782593,-0.47487585637871466,-0.7977059006096429,-0.00731500867099407,94.56738925687335,-20.14645682117331,25.999299500167524,48.35827217494193,0.012905987621117056,0.021077017000146636
0.8672244932947057,5.135378693132672,0.10523601507976031,0.6390895077388911,16.535586275084214,193.09064177094723,64.99262199920179,-125.88550391814442,0.023300480468260387,-0.0047549224197867
3.0696120287604645,1.6635024699035208,-4.4183747151701995,-0.2287575916017674,52.12099092130091,-98.12634698242884,24.003998546149802,124.34286138217999,0.01566049136632408,0.02549147290178544
-1.3715961816685356,1.0891087025480974,8.919718479938608,-0.8412903545344971,-22.35009679739466,173.16150425864868,85.35411933031119,-85.59486907473638,-0.0033065372354534866,0.013585810337476412
0.529022267731265,5.524236551669675,-4.8437404983391215,1.5850042391906194,-3.9641912915509683,24.744510725701215,52.98452492430317,30.452530052202974,0.003776699354400394,0.01963895120936443
-2.7565062552122512,8.857282023694736,-12.596371041283762,-1.7942063071760979,-3.2878108333414824,-160.5246886274729,-9.94772142743696,152.78948305363724,0.020295116945983738,0.020782099722094216
-3.4402215953841297,-3.7383878531206145,-2.3820485704562047,-1.5783452203168922,1.3618473837025127,139.05944554709296,57.84301634363155,-79.00391334986011,-0.007904662226566382,0.01931196897626153
-4.778618792535357,6.999577435534646,1.6689941784894478,0.7403884815024361,61.269943213874726,5.339831151793279,6.772711779716445,3.645396481524358,0.007435339760868411,0.016030611229958636
-0.05868952172169456,-2.1104377419959963,-1.8747854198887748,-0.49834042458152966,94.95914304143406,190.52420248420998,67.22164911305214,-121.09003751755654,0.005751268505439279,0.011199775921888033
1.763946359278779,2.925025951535377,-2.8341080805488894,0.1593518363931053,90.40261815425377,107.74122472686642,34.779113755260795,-70.74959511800421,0.0063753251344715895,0.008240236228397979
3.326259255560506,2.028208980453158,1.8326767608276067,0.4600304518956082,153.64472531126398,83.34001390054804,52.701024537983415,-28.426473508963227,-0.006918116732812283,0.020846815734281376
2.254747088978515,2.6000651360734324,-0.16075745826550109,4.010033730883777,-55.09096716488022,29.949727942349256,30.214770345162975,2.4775582564147953,0.01254574246881446,0.027351498802387963
1.526349408925441,-3.1226097161374136,0.22093255017399138,-1.727197752130396,-105.63266559026987,2.6042116540736853,18.690817296804425,18.299121496331963,-0.0012583696147414596,0.022293201232772786
0.0023467067808920225,1.8886292390388801,-2.227803573484022,0.0063281724714194755,9.985406589178725,138.4206966828046,46.28767233686068,-89.9205084923426,0.009478789812393808,0.019048968518050824
-20.553,4.581277893744131,-2.699248582574859,-2.0211399675105923,-11.147118810802663,4.8208294500961815,18.406448270877206,15.798134674382027,-0.40813355649144556,0.02019161446959572
2.7757806347208014,-2.2811204523515256,-0.019759408636496705,-0.16389886593341754,36.214169978742326,-27.024353270362308,1.5475365340678309,30.784405658031346,0.007664491804891595,0.029102733493751698
-0.8519703592894377,-4.130027051970189,-5.947575695260641,-0.33751827290515146,244.37034617041704,44.76376960657573,43.569519307745225,1.0182655547707782,0.0062491753135116585,0.015035976484089053
-1.2263900064319269,1.7495094072710544,5.654893984759352,1.043214896906236,156.49961574838963,-105.33945007400112,9.169341754501062,116.72130768210332,0.008761245345684678,0.02329625791831802
-0.02516350469010008,-6.530081024535499,-5.8279566640829366,-0.18005249076660412,48.66647514291147,-275.34033841998325,-32.29892507011256,245.25392920347213,0.011973836626686387,0.018358025703679504
3.2353306195992,6.9830673295270875,3.909439051193826,-0.05228187537233409,207.9861015429298,-103.56545790428025,-13.204508674649574,92.57346508323212,0.012498812898536162,0.019859630432754516
-1.6627607036827468,2.6945131592781126,4.387849207254048,0.7751292689130971,0.12957430057216454,18.936934970890924,24.02962252828027,7.3052034109905435,0.002182987434390162,0.017679296096641428
-1.2420268420458842,4.019727664762111,7.646788930102792,1.670807296659875,22.419725514132416,86.0165804708956,48.63929335354592,-35.164771263748435,-0.01000290375379431,0.024349323663261924
2.00231685970615,-1.0922848411372927,0.7541378145843124,1.387033147327886,71.15514821783228,66.9286447954089,48.48767098103173,-16.228457960775813,-0.006394779751931921,0.02080844674416471
-2.2914223055781218,-0.4625465093034984,-2.498988079350636,2.6601891218963103,27.81606964326787,-16.495161332605637,23.794593239454628,42.50227042566166,-0.014652300420829432,0.01242276503552664
-0.3320162590842682,-4.961660897232708,1.5816122072899645,-0.5643782846266043,19.19626443506846,106.82781500980205,43.05701546391293,-61.55828369228789,0.0046608547960125275,0.02643006890739974
2.1973710074243895,-5.754041679182358,-0.7238084982539351,-0.8472948152500632,28.213332244522626,12.64405273635441,24.350355016011548,13.918818133258355,0.030768990155386478,0.012957688642098564
1.617771125434423,2.0815379170639963,-1.9991024642309134,-0.17712074376312817,90.69779028520215,80.45123877228053,62.13814272967909,-16.10058018900031,-0.0018151789803897405,0.017070236104761438
1.086769683419747,2.300665514455072,-1.6258184801434659,0.7029011200873703,76.66762875810039,6.156153244448273,36.122631582606516,32.17899419175933,-0.027641650261790662,0.005968134955874671
0.7544848300033314,8.205586480048261,-1.0171671739265897,0.2237571164333885,42.84319397998377,-74.23136666520804,30.15683091141355,106.60071343022287,0.011057964542281919,0.01219806806032464
0.736085836755217,7.476523473981572,-3.199259317199492,-2.0665080924374717,26.449125063092925,-22.37354640009075,26.328324593082442,50.91438684677428,0.007602383716242446,0.017932889916653316
3.665882880786895,8.176480241126384,-3.9589965529073616,-0.7211526317118029,47.31556076578771,24.140344310998632,28.536062823377392,6.608234365979797,0.0030179743525959885,0.013840499964249853
0.8298258897778541,0.13573560440172946,-1.8362890737004205,-1.108937956318689,-15.224417189585816,6.208340715702837,50.84224840989623,46.84642354779476,0.03225378300871018,0.01788254050027671
2.9772485971909632,-0.10759459638635055,3.3665140261385917,0.17600763434792172,22.61299057038749,56.68592937252702,17.91440563293068,-36.559007885995015,0.029891286763058744,0.022754704068665088
0.9457587009526125,-2.8888681710295323,-2.807557058272487,-1.2689249841588315,36.534535767377456,-77.55113129307534,-3.8843068684308264,75.87934027824576,0.0064402085395582915,0.023276772517699662
-3.416802810018702,-4.932492451266404,-4.164941068498426,-0.9343146117698747,-126.44569904033669,-110.54868736298022,16.22299313552358,128.98419635210507,0.03016693826665806,0.017442242255312435
0.16795335311041193,-7.027929938724419,-3.7545841728199707,-2.022871407676646,28.40433661182785,-30.516787141867884,11.56426570801051,44.29356870347965,0.011675238065761652,0.01677215346265326
0.0439268275225177,8.417104726089345,-10.943420211567494,-0.7070546390049809,-63.908749920627294,79.92348100875363,28.873736224823148,-48.8372289303295,-0.008213014146335016,0.024074395599926524
1.9094042376589397,-5.892850178119494,2.0187500426865856,-0.6472365634113525,69.60002255043953,60.18793120712058,37.00366377073763,-20.971751582781508,-0.0033508492751188595,0.03263436354442506
0.035146976578228746,-7.928520646140525,-8.098501693176578,-1.2425629446785935,85.79363943669756,-37.51727511836357,9.781233221951766,49.511024193916455,0.004696109972969877,0.017578888391442504
-0.34419278474285303,1.6051613715702826,11.069945363241853,0.6495343504448288,0.9241769406034991,87.5268610587679,26.28470486410012,-59.02964034106685,0.016966910761601728,0.016512287000857606
1.7149052187259375,0.2799485616065051,-1.6199593800781604,-0.3277726862584796,165.87065507664462,-154.72132290621926,-7.645818023265463,149.28802073655493,-0.0064098048784873,0.01885997834406905
1.8585324638877974,-3.360917016375176,-0.21823887688743307,-0.1982144217280452,134.19574829940203,-54.914416574924026,43.2443020915934,100.3712345201186,-5.3058487278432806e-05,-0.0007686214667192992
1.2199879978016777,0.6561861459572716,0.9686937385420087,0.7954959558511445,-52.652727943801125,129.92840700408343,37.31133407334019,-90.40455707714204,-0.027372102749095184,0.01252112647609005
1.24177842684877,3.263672612669366,1.8224983557661434,2.4832041715390276,-25.92092365530349,-84.87983605902541,-16.838862461427567,70.25348945119913,-0.004113436382420231,0.019438146539241474
-0.6479563954632181,0.07110046525152382,1.1929420596015186,-0.5141562770890429,41.234624150856206,88.43543746580796,42.74044861465745,-43.482472997549166,-0.015518016332048966,0.015910121108942965
-0.2116776710230517,-4.870081127495219,-2.6910491503310325,1.0954120328911172,120.58361563124737,78.94006955167052,22.368497292122868,-54.359056405946376,0.0041316800867714516,0.010991997072309578
0.6801469387199259,7.644788546956699,3.108472476745018,0.9364442415157389,207.41048476491005,-46.014647903842096,0.66114718034558,48.8883109377889,-0.019322568296278653,0.00871520858409669
0.27541520960067056,1.6614332030429697,2.2877895426409034,-1.0955160513567987,-30.581502454118993,10.964711643109487,24.07673335673664,15.32453756722839,0.010558871586481501,0.00241159219711351
0.5314705066885068,6.828651414394117,0.5497697405043075,-1.2404718358280808,65.62131568214393,-31.49798267468293,8.800871887048856,42.511370415332976,-0.023428803087185757,0.012554625251210094
3.6702715232904684,3.3349105934170167,2.6038417386067683,-1.1087004579319684,-84.3939068496838,79.55425713453741,56.148802773671235,-21.1929385072649,0.009665355756776297,0.02293290350569155
1.827132766159576,0.6430859698334342,-2.2898160790851683,-1.3735423048413669,232.36832117207453,-31.105068667823602,22.7440405130927,56.06162503451765,-0.015773241169605323,0.02206475471793623
3.5725044903925935,0.5270187500553826,3.7115416092150206,-0.7739050122368296,33.54209641448907,31.670798852519965,36.898865393588835,7.440582394670173,-0.005282747894324922,0.011048865112006867
3.1069500057409276,2.8181802113767613,5.30826001643691,-0.23990108376289818,-214.15252056169925,150.58819429441908,95.65358120976893,-52.72209723104879,0.003751395400584114,0.01904512552035187
1.4219533825577917,-8.148442598947975,1.1422947237102024,-1.062770104640639,31.232378439260728,105.7139769850136,44.24553574779483,-59.25592538361752,-0.0006692363705047537,0.01216146076505753
0.8421299048568186,-2.4249667736394946,-8.08673921909638,1.5116191603279996,72.70081473325409,196.69169468504714,44.99744702990748,-149.48173180153844,0.005550541579607106,0.02161956697384415
-2.9066658447488947,4.117547294782031,-4.90054831450002,-1.0594419964981294,161.29136554381313,-127.78004458270954,20.89563901071486,150.88819944702573,0.025969159412746023,0.026588992905876685
-0.3114997169604967,3.991117037248153,5.252143882472766,-1.6353012813451573,96.79329292219134,94.64865613697798,58.01847977787679,-34.41766050549995,-0.019577036351446475,0.008380082236337572
-1.4592378327531779,2.1826187873455862,-0.880920711849133,1.956766796040779,68.74131852541639,-70.49314447113653,9.31083700022782,82.01649732496571,0.027219743922064943,0.00881885730711307
-0.5251246823625233,2.461055002965528,-0.5308376894237627,-1.0479117087119727,149.88700534953298,-30.10444663600065,33.32931034080926,65.64627283041114,0.00402684250834451,0.01698380241922348
3.246344029245875,-2.327169411970076,6.610689224739602,0.27855774960671575,8.755957397445014,-26.643500687320234,24.036041735934333,52.89205827685578,-0.016163593450926994,0.0149741536122876
1.007176274415574,-2.5694503719426858,7.0823116686927925,3.356065328115394,46.991167444272875,-13.541681766115186,24.54121256608397,40.29541018580039,-0.010383076662041411,0.038822716511213384
1.7128844273099553,3.7198743796562526,3.216872079408093,-1.0997541471442651,-19.72079122782191,-121.9537301274097,2.338419177443768,126.50466515845483,0.018854233126067488,0.022903925570632033
-2.5966265292245847,-2.5928355692849134,-9.622568268772516,0.5598514310745663,69.33281758627669,77.81806178013323,52.45985055433948,-23.145695372192677,-0.019804007200866502,0.018699266028807893
