date,dprice_1,dprice_2,dprice_3,dprice_4,dprice_5,dprice_6,dprice_7,dprice_8,dprice_9,dprice_10,dprice_11,dprice_12,dprice_13,dprice_14,dprice_15,dprice_16,dprice_17,dprice_18,dprice_19,dprice_20,dprice_21
03-Jan-2012,104.549,100.853,107.3,100.116,105.434,103.74,106.365,102.171,98.905,100.985,99.817,111.3,114.329,106.961,102.516,102.794,103.635,101.639,117.105,104.253,108.262
04-Jan-2012,104.73,100.784,107.461,100.781,105.58,104.416,107.238,103.242,100.113,101.407,100.145,112.994,115.5,106.5,100.245,100.439,102.618,100.621,115.563,104.627,105.005
05-Jan-2012,104.514,100.885,107.461,100.98,105.957,103.333,107.102,102.507,99.257,100.863,99.759,112.876,114.996,106.095,101.446,99.1,102.465,100.206,114.827,103.954,104.804
06-Jan-2012,104.525,100.797,107.249,100.159,105.77,103.095,107.223,102.538,100.407,101.16,99.846,112.581,114.394,106.602,101.301,102.179,103.214,100.48,115.451,104.796,106.063
09-Jan-2012,104.516,101.01,107.876,100.65,105.847,103.75,106.853,103.45,98.291,101.168,100.286,112.886,114.721,106.045,102.083,100.924,102.718,101.421,115,104.278,106.063
10-Jan-2012,104.71,100.812,107.4,100.455,106.375,103.897,107.086,103.396,99.388,101.147,100.388,112.27,116.038,106.192,100.48,100.096,102.392,100.652,114.9,104.848,106.032
11-Jan-2012,104.712,100.891,107.413,100.777,106.141,103.785,107.12,102.944,99.874,101.283,100.163,112.507,114.378,105.855,101.38,100.664,103.83,100.706,116.14,104.537,105.267
12-Jan-2012,104.73,100.884,107.413,101.088,106.15,103.632,107.466,102.541,98.919,101.252,99.999,113.703,114.043,106.04,102.905,101.473,104.611,100.573,116.492,108.27,105.329
13-Jan-2012,104.5,100.884,106.728,100.65,106.1,103.251,106.7,102.539,99.799,100.92,100.06,111.483,111.383,102.929,100.385,100.468,101.12,99.414,114.976,102.701,103.869
17-Jan-2012,104.626,100.9,107.642,100.595,106.045,103.656,106.678,102.743,99.232,101.262,99.8,111.482,113.001,104.654,101.051,101.299,101.637,101.606,114.11,107.214,105.561
18-Jan-2012,104.493,100.9,107.642,101.599,106.332,103.898,106.727,103.562,100.062,103.097,102.193,111.696,112.868,105.385,101.698,100.371,102.025,100.568,115.66,105.132,105.908
19-Jan-2012,104,101.07,107.13,101.207,106.611,103.4,107.106,103.391,100.704,102.2,101.423,113.781,114.806,105.621,101.917,101.81,102.04,99.557,117.037,104.504,105.078
20-Jan-2012,104.664,101.095,107.117,100.744,106.3,103.715,107.124,102.989,100.752,101.71,101.78,111.319,113.577,105.078,101.524,101.75,101.474,99.395,116.081,103.605,103.698
23-Jan-2012,104.868,101.183,108.448,100.896,107.001,104.37,107.333,103.405,100.588,101.969,102.16,111.529,114.998,106.345,101.844,101.784,101.588,101.381,115.315,103.595,103.73
24-Jan-2012,104.842,100.998,107.775,100.884,106.917,104.499,106.898,103.336,100.708,102.31,101.042,111.957,112.585,105.316,101.869,101.25,102.912,101.266,112.45,103.27,103.473
25-Jan-2012,104.25,101.099,108.05,101.224,107.15,105.106,107.584,103.996,100.4,102.775,101.448,112.783,116.353,105.927,104,100.391,102.433,100.44,114.161,104.298,103.376
26-Jan-2012,104.921,101.257,108.514,101.44,106.707,104.582,107.25,104.571,100.814,102.8,102.236,114.003,115.78,106.996,103.575,101.91,103.597,101.222,114.663,105.675,105.16
27-Jan-2012,104.956,101.238,108.514,101.24,107.412,105.89,108.39,104.491,101.991,103.55,102.047,114.059,116.032,106.712,103.04,103.741,103.458,103.195,114.906,108.43,105.419
30-Jan-2012,104.774,101.175,108.514,101.754,107.387,105.471,108.333,104.558,101.364,103.3,101.858,113.73,115.985,107.509,103.249,103.561,103.342,102.25,115.238,107.031,105.665
31-Jan-2012,104.878,101.459,107.897,101.907,107.429,105.481,108.343,103.75,100.821,103.861,102.16,114.036,115.845,108.09,103.715,104.635,104.4,101.86,117.481,106.789,106.448
01-Feb-2012,104.945,101.58,107.897,101.41,106.983,106.005,108.776,105.066,101.452,104.037,102.824,113.899,115.585,107.313,103.84,101,104.477,102.112,115.808,109.681,107.398
02-Feb-2012,104.955,101.457,108.303,102.131,107.545,105.854,108.925,105.702,100.986,104.328,102.84,114.672,117.759,107.101,104.099,102.569,106.429,103.028,118.588,109.096,106.778
03-Feb-2012,104.843,101.547,108.198,102.008,107.7,106.06,109.006,105.476,102.976,103.887,103.968,114.811,118.04,107.53,104.243,102.657,104.855,103.006,116.328,106.126,106.273
06-Feb-2012,104.797,101.344,109.228,102.003,107.459,106.128,109.134,105.472,101.684,104.107,102.677,115.333,117.114,108.675,106.817,104.05,105.143,104.766,116.252,107.442,107.609
07-Feb-2012,104.923,101.292,108.243,102.099,107.958,107.388,108.611,105.75,101.652,103.758,102.499,115.004,116.542,108.205,103.946,103.894,104.433,104.278,117.153,105.114,107.206
08-Feb-2012,104.719,101.472,106.974,102.136,107.641,106.436,108.57,105.796,101.582,103.675,102.867,115.073,115.357,108.482,105.383,102.328,104.493,102.316,116.775,109.616,106.681
09-Feb-2012,104.8,101.472,107.8,102.032,107.627,105.964,108.91,106.373,101.461,103.755,102.451,114.771,115.75,108.055,103.403,101.84,104.193,101.762,114.874,104.007,105.91
10-Feb-2012,104.66,101.563,107.451,101.909,107.528,106.763,108.984,106.022,101.287,104.614,102.421,114.482,115.823,107.85,103.272,101.965,103.592,103.83,115.927,109.047,105.598
13-Feb-2012,104.608,101.39,108.201,102.001,107.783,106.071,108.974,106.436,101.25,104.004,102.231,114.666,116.6,107.602,105.731,102.283,103.545,102.7,117.117,109.047,106.238
14-Feb-2012,104.914,101.368,107.868,101.93,107.845,105.972,109.818,105.375,101.2,103.343,101.022,114.771,116.277,108.125,105.099,103.597,104.387,102.501,116.056,109.821,106.238
15-Feb-2012,104.538,101.312,107.562,101.974,107.462,105.922,108.399,105.699,101.282,103.443,102.016,114.658,118.78,107.297,103.358,103.633,105.708,102.113,115.985,107.785,106.158
16-Feb-2012,103.452,101.106,107.562,108.444,107.507,106.524,109.509,105.641,101.055,103.398,101.982,113.34,115.446,108.17,102.257,103.301,103.702,102.2,114.815,107.211,105.811
17-Feb-2012,104.451,101.21,108.318,102.006,107.545,105.75,108.735,105.716,101.2,104.413,102.91,114.49,116.154,107.063,103.373,102.15,103.853,103.983,115.457,108.905,107.407
21-Feb-2012,104.69,101.21,107.76,101.972,107.33,105.505,108.774,104.25,102.039,103.655,102.589,115.079,118.246,107.692,103.4,103.619,105.092,102.745,116.156,109.502,106.709
22-Feb-2012,104.314,101.995,107.2,101.96,107.468,105.958,108.034,105.205,100.831,103.751,102.47,115.077,116.721,106.573,103.747,102.489,104.98,104.567,117.155,105.792,106.709
23-Feb-2012,104.49,101.331,107.362,101.628,107.662,105.884,108.692,105.338,100.673,103.184,102.393,114.937,116.819,108.169,104.5,102.378,106.277,102.996,117.477,105.792,107.517
24-Feb-2012,103.67,101.575,108.6,102.138,107.312,106.097,107.527,106.179,102.109,103.824,102.55,115.141,116.259,108.617,104.234,102.68,107.104,104.759,118.654,105.792,109.067
27-Feb-2012,104.477,101.575,108.47,102.113,107.406,106.183,108.5,105.053,101.118,103.922,100.494,115.683,117.07,108.73,105.041,103.845,105.915,104.126,118.069,105.792,110.181
28-Feb-2012,103.023,101.618,108.47,102.366,107.207,106.099,109.203,105.817,102.009,104.072,102.903,115.798,117.714,109.6,106.251,104.512,106.479,105.035,118.994,108.637,110.772
29-Feb-2012,104.439,101.494,108.47,101.988,107.401,105.868,109.376,105.932,101.167,102.769,104.17,116.63,117.095,110.267,105.665,105.002,106.714,105.417,119.858,108.637,111.007
01-Mar-2012,104.264,101.39,107.643,102.107,107.392,106.196,109.253,105.739,101.404,104.119,103.228,116.13,116.979,109.56,105.6,103.915,105.717,104.65,118.875,108.637,110.396
02-Mar-2012,104.477,101.39,107.643,102.114,107.351,106.184,109.15,106.05,101.649,104.392,104.01,117.683,117.675,108.415,105.877,104.146,106.559,104.722,119.515,112.464,110.98
05-Mar-2012,104.433,101.246,107.43,102.21,107.436,106.344,108.928,106.759,100.375,104.253,104.305,115.861,117.185,109.556,104.644,104.291,105.975,105.89,119.91,109.34,110.097
06-Mar-2012,104.434,101.246,107.43,101.986,107.313,106.274,108.692,105.642,101.997,104.45,104.176,116.291,116.622,108.987,104.546,103.257,105.714,105.421,119.589,109.34,110.097
07-Mar-2012,104.372,101.5,107.472,102.277,106,106.185,109,105.92,101.55,104.249,103.239,116.275,115.982,109.66,104.988,103.797,106.208,104.692,120.005,109.34,110.377
08-Mar-2012,104.253,101.5,107.441,101.944,107.317,105.97,108.6,105.558,101.236,104.343,101.087,116.193,117.98,109.894,104.47,103.565,105.977,104.193,118.65,108.2,109.502
09-Mar-2012,104.335,101.5,107.626,101.874,107.244,105.867,109.253,105.408,101.596,104.562,103.975,116.191,116.756,108.963,104.796,102.501,105.926,103.665,119.975,111.175,108.249
12-Mar-2012,104.342,101.192,108,101.994,107.181,106.76,108.886,105.878,101.15,104.558,102.945,116.167,116.586,109.658,103.3,103.526,105.531,103.835,120.801,109.042,109.649
13-Mar-2012,103.94,101.379,107.433,102.178,107.172,106.122,108.754,105.271,101.337,104.173,102.613,114.5,116.242,109.003,104.465,104.369,104.612,103.315,119.342,108.086,109.484
14-Mar-2012,104.18,101.107,107.347,101.632,106.853,105.667,109.131,104.983,101.435,103.791,102.76,115.329,117.271,108.298,103.367,102.628,104.423,102.671,119.791,108.729,107.761
15-Mar-2012,104.233,101.178,107.017,101.759,106.25,105.616,108.544,105.03,100.77,104.284,103.055,115.313,115.627,108.285,104,102.839,104.866,103.5,117.81,108.141,107.86
16-Mar-2012,104.316,101.178,107.503,102.239,106.25,106.046,108.952,105.552,100.615,103.714,103.14,115.431,116.433,108.17,104.211,102.967,104.786,103.366,118.165,108.141,107.86
19-Mar-2012,104.213,101.178,107.45,101.762,107.058,105.679,108.656,105.142,100.256,104.063,103.41,115.142,117.167,108.199,104.493,102.379,104.132,102.429,116.875,108.141,108.326
20-Mar-2012,104.1,100.997,107.528,101.9,106,104,108.784,105.182,100.814,103.816,102.657,115.173,115.662,108.039,103.3,101.562,104.038,104.326,118.259,107.562,108.812
21-Mar-2012,104.479,101.023,107.575,101.781,107.525,105.626,108.611,105.007,100,103.85,103.49,115.408,115.193,108.312,104.523,103.095,104.765,103.043,119.088,107.779,110.204
22-Mar-2012,104.145,100.959,107.193,101.624,106.604,105.392,107.2,104.66,101.528,103.906,102.75,115.178,116.032,108.97,103.447,101.896,104.44,102.476,118.403,108.184,109.775
23-Mar-2012,104.63,101.405,107.091,101.859,107.25,105.353,109.067,105.026,102.087,104.18,102.996,114.92,116.02,108.284,104.037,102.29,104.56,104.395,118.566,108.184,109.939
26-Mar-2012,104.06,101.405,107.217,101.899,106.7,105.941,108.926,104.7,101.725,104.158,103.104,115.216,115.425,108.191,107,102.576,105.996,103.003,119.415,109.461,110.349
27-Mar-2012,104.084,101.317,108.184,101.919,106.766,105.463,109.037,104.867,101.753,104.589,103.538,115.566,116.864,108.507,105.45,103.624,105.255,103.474,119.855,109.871,111.825
28-Mar-2012,104.08,101.325,107.446,101.905,106.711,105.57,108.48,105,102.681,104.873,103.489,115.764,116.36,109.352,104.358,101.771,104.793,102.961,120.162,109.075,110.85
29-Mar-2012,103.9,100.82,106.305,101.8,106.696,105.422,108.55,104.986,101.4,104.383,103.425,115.636,115.75,109.477,104.8,103.233,105.053,103.267,119.9,109.075,111.47
30-Mar-2012,104.406,100.728,107.171,101.816,106.945,105.577,108.493,105.077,102.421,104.635,103.657,115.469,116.031,108.542,104.283,102.767,104.616,102.688,119.146,109.394,109.722
02-Apr-2012,102.917,101.464,107.171,101.845,106.662,104.8,109.43,104.99,102.895,104.791,103.355,115.964,116.657,108.496,104.322,103,104.832,102.58,120.315,109.394,109.878
03-Apr-2012,103.934,101.451,106.892,101.783,107.099,105.405,108.497,104.861,101.673,102.008,103.43,114.956,115.626,108.35,103.556,102.554,104.95,102.526,118.652,110.645,110.563
04-Apr-2012,102.75,101.451,106.774,101.68,106.616,105.433,108.476,104.742,102.846,104.348,104.54,115.394,115.627,107.925,103.356,101.858,104.75,102.476,118.154,108.629,107.741
05-Apr-2012,104.216,101.451,106.774,101.925,107.587,105.244,109.329,104.832,101.744,104.306,103.061,115.493,116.202,107.781,104.283,102.907,103.675,102.661,118.279,108.629,108.4
09-Apr-2012,104.156,100.848,107.112,101.649,106.552,105.259,108.56,104.247,101.348,104.436,103.853,115.332,116.476,108.392,103.08,103.157,104.646,104.396,119.401,108.629,110.712
10-Apr-2012,104.07,100.945,107.119,101.698,106.427,105.091,108.67,105.475,101.776,104.608,103.069,115.321,116.039,109.187,104.106,104.81,104.77,102.6,120.247,113.734,111.196
11-Apr-2012,103.52,101.161,107.242,101.768,106.506,105.42,108.674,104.301,100.988,104.48,102.852,115.775,117.522,109.256,104.131,105.051,107.396,102.291,119.078,111.143,109.161
12-Apr-2012,103.929,101.161,107.242,101.788,106.571,105.308,108.579,104.523,100.788,104.451,103.346,115.807,115.455,108.484,104.306,103.502,107.419,103.146,120.085,110.063,109.783
13-Apr-2012,103.5,101.063,107.179,102.236,106.342,105.487,108.78,105.9,101.9,104.611,103.06,115.624,116.766,109.042,105.002,103.769,105.139,103.167,120.585,110.063,111.546
16-Apr-2012,103.98,101.041,107.823,101.664,106.567,105.413,108.719,105.24,102.073,104.424,103.113,115.446,118.382,109.422,104.785,105.35,104.909,103.503,120.17,109.34,109.784
17-Apr-2012,104.223,101.316,106.754,101.85,106.576,105.407,107.82,104.685,102.105,104.589,103.789,115.212,117.88,107.952,104.566,103.252,105.289,103.159,120.116,113.158,111.172
18-Apr-2012,104.124,101.398,107.485,101.619,106.521,105.357,108.461,104.697,103.006,104.576,103.693,115.107,118.318,109.036,104.924,103.403,105.027,103.488,120.1,109.014,111.881
19-Apr-2012,104.034,101.157,107.308,101.806,106.422,105.344,108.745,104.741,101.961,104.693,104.195,115.13,117.055,108.5,104.937,103.608,105.432,104.756,120.2,113.255,111.073
20-Apr-2012,104.1,101.106,107.308,101.638,106.396,105.334,107.48,104.718,102.287,104.777,103.252,115.161,117.137,109.53,105.931,103.84,105.611,104,118.845,113.255,111.227
23-Apr-2012,103.879,101.335,107.308,101.891,107.065,105.317,108.501,104.648,101.875,104.529,103.307,114.99,118.192,109.499,105.253,105.047,105.672,103.699,119.066,113.3,114.065
24-Apr-2012,103.485,101.335,107.308,101.87,106.536,105.549,109.091,104.61,101.812,104.665,103.531,114.01,117.26,108.182,104.795,103.539,105.522,103.761,120.008,109.725,109.877
25-Apr-2012,104.028,101.24,107.411,101.863,106.624,105.463,108.724,104.858,101.912,104.507,103.612,115.326,119.067,108.996,105.025,104.201,105.51,105.624,119.087,109.725,110.776
26-Apr-2012,104.257,101.24,107.42,101.76,106.581,105.502,108.594,104.934,102.149,104.787,103.558,115.221,118.291,109.169,106.334,104.538,108.086,103.667,119.65,109.824,111.304
27-Apr-2012,104.05,101.189,107.42,101.915,106.757,105.66,108.297,105.32,102.259,104.649,103.804,115.442,119.907,109.67,104.75,104.816,106.899,104.744,120.257,113.25,112.154
30-Apr-2012,103.998,101.153,107.42,101.78,106.819,105.486,108.975,104.85,102.337,104.578,102.99,115.302,118.189,110.07,105.38,105.13,106.935,104.902,120.788,110.038,111.488
01-May-2012,103.997,101.153,107.42,101.787,106.555,105.553,108.879,104.744,102,104.991,104.059,115.803,118.448,110.059,106.318,104.225,107.425,105.44,120.883,110.038,112.64
02-May-2012,103.946,101.167,106.759,101.93,106.595,105.673,108.84,104.963,102.761,105.211,104.084,116.05,119.221,110.135,105.759,104.301,107.34,107.145,122.11,114.062,111.631
03-May-2012,104.389,101.168,107.145,101.81,107.096,105.75,108.947,105.542,102.435,104.367,105.008,115.95,116.567,110.422,106.569,107.299,107.701,106.01,121.972,111.65,112.382
04-May-2012,104.079,101.171,107.125,101.811,106.562,105.563,109.491,104.982,102.512,105.128,104.168,115.45,118.453,110.79,106.474,104.25,107.822,106.035,122.65,110.35,112.238
07-May-2012,104.01,101.171,107.141,101.999,105.518,105.744,108.84,105.084,102.217,105.5,104.036,115.675,118.807,109.577,104.848,104.964,107.653,105.439,122.395,112.89,112.466
08-May-2012,104.109,101.262,106.722,101.8,105.87,105.743,108.847,105.052,102.406,104.932,104.038,115.993,120.127,109.94,104.94,103.443,107.629,105.535,121.162,111.983,112.653
09-May-2012,103.922,101.325,106.722,101.815,107.018,105.685,108.848,105.098,102.536,105.076,104.111,115.255,118.836,110.344,106.166,104.653,107.25,105.191,120.35,110.828,111.735
10-May-2012,103.763,100.987,106.902,101.912,106.5,105.647,108.799,105.174,102.299,104.833,103.3,115.753,118.563,109.979,106.25,105.503,107.243,107.101,121.028,110.277,112.226
11-May-2012,103.751,100.867,106.873,101.583,105.836,104.785,108.377,104.813,101.717,104.213,103.453,114.936,117.58,109,105.55,104.333,106.959,105.675,123.811,108.241,110.647
14-May-2012,103.241,100.312,106.873,101.528,106.063,104.55,107.111,104.143,101.201,104.081,103.067,114.327,117.243,108.315,104.13,103.814,107.326,103.42,119.75,106.903,110.647
15-May-2012,103.404,101.004,106.056,101.394,105.965,104.7,107.61,104.099,100.938,103.928,102.935,114.032,116.574,108.667,104.4,102.999,105.469,105.1,118.309,107.124,108.556
16-May-2012,103.14,100.81,106.056,101.451,105.473,104.25,107.401,103.559,100.723,104.792,102.946,113.14,116.648,108.366,101.8,102.783,104.763,103.417,116.3,105.449,106.369
17-May-2012,103.396,100.69,106.753,101.149,105.654,104.352,107.959,103.563,100.448,104.65,102.55,111.375,114.595,107.975,105.5,102.504,105.316,103.659,116.5,104.055,108.629
18-May-2012,102.982,100.597,106.753,100.97,104.979,104.039,107.243,103.475,100.069,103.705,102.108,112.378,117.252,108.419,103.996,103.122,104.484,103.194,116.993,105.436,103.12
21-May-2012,103.286,100.752,106.753,101.098,105.003,103.773,106.85,103.257,99.595,102.413,102.104,111.793,115.756,107.789,103.65,102.652,104.108,102.672,116.5,104.5,103.12
22-May-2012,103.376,100.752,106.368,100.95,105.619,103.832,106.655,103.512,99.963,103.25,102.1,112.187,116.978,108.017,104.007,102.333,104.967,104.323,115.066,106.443,107.457
23-May-2012,103.036,100.288,106.568,101.18,105.496,103.699,106.923,103.1,100.109,101.803,102.011,111.757,115.091,107.44,104.259,102.251,106.142,104.236,116.607,105.989,107.457
24-May-2012,103.1,100.818,106.568,100.825,105.104,103.713,106.361,103.149,99.878,102.866,101.954,112.272,114.576,109.385,104.21,102.534,104.812,103.723,114.366,105.297,106.917
25-May-2012,102.8,100.601,106.294,100.703,105.466,103.834,107.134,103.524,100.25,103.215,102.071,112.425,115.407,107.8,103.125,103.266,106.705,103.848,115.25,105.297,105.603
29-May-2012,102.9,100.601,106.287,100.863,105.515,103.814,106.026,103.68,100.09,103.012,102.095,111.8,116.458,107.97,103.125,102.481,105.868,103.989,117.319,105.426,107.951
30-May-2012,103.214,100.543,106.524,100.692,105.32,103.784,106.652,103.587,101.518,103.122,102.439,112.659,116.254,109.063,103.5,104.126,108.029,104.527,116.986,106.441,109.454
31-May-2012,102.952,100.543,105.808,101.298,105.479,103.72,107.014,103.614,100.6,102.98,102.399,112.79,116.5,108.348,104.652,105.376,106.118,106.459,118.638,107.576,110.69
01-Jun-2012,102.848,101.563,106.29,100.759,105.275,103.831,106.728,103,100.51,102.905,102.228,112.788,115.934,109.742,105.451,105.75,107.086,104.775,120.502,108.344,109.978
04-Jun-2012,103.313,101.174,105.034,100.72,105.387,103.444,106.454,103.388,100.229,102.533,101.8,111.94,115.433,109.033,104.57,102.911,106.075,105.933,117.75,106.612,108.206
05-Jun-2012,103.235,100.708,105.952,100.606,105.428,103.435,106.504,103,100.27,102.789,101.724,112.169,115.821,108,104.262,103.379,105.239,105.192,116.48,107.464,108.045
06-Jun-2012,103.043,100.375,105.952,101.273,105.352,103.738,106.65,103.478,100.2,102.722,101.6,111.939,115.463,109.292,104.1,104.982,105.666,103.799,117.708,107.256,106.789
07-Jun-2012,103.209,100.653,106.338,100.938,105.458,103.994,107.25,103.365,101.481,102.767,102.753,112.777,116.352,108.792,104.652,103.651,106.636,104.72,114.904,106.889,109.3
08-Jun-2012,103.247,100.979,105.565,100.937,105.63,103.457,106.882,103.4,99.299,102.925,102.21,113.058,117.963,108.283,105.307,104.202,106.517,105.1,116.616,110.835,108.51
11-Jun-2012,103.3,100.935,105.904,100.871,105.532,103.941,106.417,103.957,100.019,103.727,101.973,114.412,116.795,109.582,105.402,104.435,106.367,106.575,118.397,107.446,108.397
12-Jun-2012,102.457,101.08,105.926,101.04,105.188,103.609,106.262,103.54,101.098,102.706,101.786,111.802,116.09,108.64,104.059,103.076,105.207,103.709,115.875,109.54,107.851
13-Jun-2012,103.227,100.978,105.926,100.815,105.254,103.5,106.7,103.325,100.492,102.818,101.94,112.317,116.013,108.685,104.537,103.976,105.779,105.755,115.875,108.563,108.075
14-Jun-2012,102.946,100.375,105.6,100.559,104.987,104.048,106.019,103.539,99.713,102.355,101.506,111.52,115.287,110.79,103.793,102.822,106.219,103.59,116.438,105.227,106.264
15-Jun-2012,103.375,100.375,105.6,101.056,105.176,103.973,106.497,103.265,100.759,103.239,102.406,113.388,117.297,109.672,104.994,103.809,106.124,105.011,121.165,108.066,111.03
18-Jun-2012,103.323,100.585,106.323,101.014,105.439,103.544,107.176,104.148,101.781,103.403,103.2,114.9,116.946,109.129,105.878,104.45,106.58,104.707,120.777,109.79,111.502
19-Jun-2012,103.285,100.97,106.255,100.993,105.531,103.986,106.515,103.77,101.092,103.588,102.477,114.586,116.187,108.438,105.43,104.02,106.516,105.12,118.125,108.016,110.568
20-Jun-2012,103.01,100.854,106.479,101.172,105.958,103.829,106.648,103.9,99.935,103.509,103.198,112.189,117.265,108.087,104.788,104.271,106.791,104.868,122.54,110.155,111.862
21-Jun-2012,101.782,100.751,106.479,100.935,105.68,103.763,106.987,103.424,101.291,103.675,102.439,112.435,117.063,110.686,106.163,104.493,106.494,104.585,121.342,110.535,112.445
22-Jun-2012,102.923,100.676,106.479,101.127,105.713,104.45,106.995,104.25,101.003,103.83,102.704,113.5,116.575,109.06,108.243,106.409,106.527,105.201,120.011,110.221,112.613
25-Jun-2012,103.16,100.5,105.855,101.171,105.867,103.626,106.68,104.014,101.074,103.704,102.888,113.933,116.225,108.992,106.215,102.866,107.301,105.121,122.774,110.385,113.075
26-Jun-2012,102.9,100.931,106.088,100.951,105.4,104.092,106.708,105.145,101.17,103.641,102.986,113.902,117.11,108.971,106.445,104.46,107.262,105.49,121.439,111.1,112.258
27-Jun-2012,103.071,100.825,106.849,101.515,105.708,104.386,107.092,103.809,100.55,102.528,103.033,114.663,117.123,109.729,106.102,105.928,107.227,105.034,121.251,113.829,113.279
28-Jun-2012,102.733,100.701,106.297,100.908,105.212,104.229,106.958,103.832,101.057,103.81,102.912,114.089,116.89,109.135,105.45,105.091,107.01,105.828,121.903,110.715,112.241
29-Jun-2012,102.906,100.701,106.297,101.369,105.491,104.346,107.326,104.181,102.068,103.765,102.814,114.863,117.14,109.359,106.097,105.293,108.5,105.715,121.952,113.295,113.192
02-Jul-2012,103.15,100.68,106.297,101.258,105.519,103.814,107.181,103.828,101.395,104.23,103.396,115.334,118.11,110.063,106.863,106.028,107.897,105.28,122.242,112.013,115.241
03-Jul-2012,103.059,100.627,105.777,101.25,105.526,104.392,107.224,104.299,101.465,103.929,103.301,115.621,116.33,110.725,106.889,107.57,108.491,108.064,122.335,114.65,115.433
05-Jul-2012,103.104,100.901,105.777,101.385,105.766,104.618,107.381,104.402,101.375,104.568,103.579,115.654,119.584,111.152,108.012,105.964,108.488,108.026,122.503,114.026,115.733
06-Jul-2012,103.19,100.901,105.777,101.056,105.89,104.052,107.79,104.4,101.944,104.55,103.574,116.581,119.375,111.472,107.171,105.568,108.668,106.064,124.456,116.289,115.733
09-Jul-2012,102.76,100.664,106.129,101.288,105.528,104.596,107.182,104.488,101.702,104.401,104.377,115.9,118.75,111.562,105.534,106.3,109.346,106.886,121.466,113.99,115.679
10-Jul-2012,103.25,100.664,106.222,101.158,104.834,104.2,107.642,104.269,102.817,104.516,103.564,116.133,118.14,111.623,106.082,106.403,108.45,107.318,122.754,114.007,116.801
11-Jul-2012,102.943,100.581,106.12,101.208,105.774,103.604,107.562,104.27,101.555,105.52,103.626,116.377,120.596,111.521,107.654,108.216,108.53,107.543,126.146,114.351,116.146
12-Jul-2012,103.2,100.581,106.315,101.356,105.761,104.65,107.438,104.301,101.964,104.708,103.807,116.049,119.482,111.484,107.75,106.592,109.833,107.122,124.974,114.367,116.146
13-Jul-2012,102.917,101.2,104.716,101.49,106.005,105.147,107.799,104.266,101.65,104.906,104.172,118.03,118.7,111.75,108.124,109.749,110.056,109,126.396,114.367,118.885
16-Jul-2012,102.45,101.2,104.716,101.365,106.065,104.89,107.943,104.266,102.136,104.789,104.323,116.284,119.452,111.709,108.561,106.54,110.044,108.493,127.729,117.267,119.265
17-Jul-2012,102.771,101.079,106.434,101.43,106.205,104.762,107.74,104.555,102.306,105.309,104.343,117.889,119.768,112.52,107.623,107.876,110.165,109.255,127.742,117.371,119.03
18-Jul-2012,103.273,100.892,106.203,101.2,106.1,105.215,107.985,104.836,103.234,105.765,105.125,118.004,120.355,113.534,108.214,109.05,110.814,109.498,129.741,119.419,120.565
19-Jul-2012,103.024,100.878,105.5,101.284,105.795,105.33,108.632,105.19,102.528,105.522,104.677,117.765,120.778,113.1,108.376,108.143,110.079,108.701,128.971,119.419,120.565
20-Jul-2012,103.144,100.957,106.279,101.47,106.036,105.374,108.032,104.958,102.875,105.636,104.511,117.397,120.503,112.861,109.83,107.302,110.445,110.831,128.096,119.759,119.747
23-Jul-2012,102.5,100.957,106.421,101.26,106.173,104.945,107.824,105.164,102.662,105.469,104.388,116.896,119.612,113.053,109.962,107.254,110.975,108.708,128.375,119.684,119.747
24-Jul-2012,102.535,100.944,106.392,101.625,106,105.164,108.153,105.009,102.578,105.374,104.357,117.667,120.664,112.846,108.537,107.647,111.378,108.907,128.918,119.276,120.735
25-Jul-2012,103.127,100.671,106.025,101.391,105.685,105.003,107.725,105.025,102.833,105.652,104.515,117.452,120.654,113.542,108.404,107.693,110.398,109.171,130.245,119.276,122.431
26-Jul-2012,103.023,100.042,106.025,101.439,106.198,105.169,108.05,105.258,102.889,105.376,104.7,117.87,120.474,113.134,108.438,106.618,112.389,108.666,130.762,119.901,122.431
27-Jul-2012,103.12,101.047,106.025,101.371,106.436,104.17,107.886,104.982,102.236,105.636,104.736,117.812,119.33,113.143,108.743,107.521,110.492,108.358,129.039,117.54,119.133
30-Jul-2012,102.907,100.924,106.116,101.57,105.989,105.45,108.1,105.646,102.832,106,104.947,118.195,120.314,111.672,108.73,108.418,111.022,109.481,128.735,118.139,120.485
31-Jul-2012,103.179,101.038,106.366,101.491,106.11,105.515,108.25,105.841,103.068,105.866,105.249,118.759,119.26,114.073,109.746,108.836,109.95,111.199,132.258,120.216,120.935
01-Aug-2012,102.396,101.088,106.366,101.63,106.605,105.494,108,105.474,103.5,105.735,105.195,118.485,119.954,113.013,109.551,108.924,110.597,109.392,129.716,120.138,119.939
02-Aug-2012,102.786,100.719,105.649,101.445,106.129,105.63,108.273,105.283,103.368,105.742,105.16,118.324,120.777,113.507,109.697,108.642,111.12,109.788,130.9,118.115,121.365
03-Aug-2012,102.77,100.719,106.015,101.545,106.448,105.547,108.117,105.831,103.241,105.576,105.157,118.342,120.98,113.507,110,108.519,111.44,109.637,130.332,119.654,121.288
06-Aug-2012,102.755,100.719,106.236,101.651,106.743,105.63,108.759,106.081,104.113,105.961,105.527,119.313,120.738,115.985,111.936,109.589,112.638,108.01,130.76,120.733,121.288
07-Aug-2012,102.935,101.174,106.236,101.612,106.404,105,108.623,105.761,103,105.667,94.5,119.728,120.605,114.033,109.612,108.4,110.525,110.959,130.637,120.832,122.314
08-Aug-2012,103.005,100.883,106.453,101.656,106.32,105.461,108.289,106.119,102.904,105.97,105,118.865,118.284,113.777,109.819,109.383,110.525,108.075,127.51,119.262,121.169
09-Aug-2012,102.769,101.161,106.264,101.782,105.26,105.67,108.45,105.369,104.101,106.315,105.26,118.24,120.088,113.854,109.7,109.115,110.148,108.738,127.556,118.109,120.248
10-Aug-2012,102.684,101.161,106.264,101.12,106.032,105.472,108.45,105.991,104.21,106.336,105.456,119.29,120.682,113.776,109.904,109.694,110.91,109.283,127.536,118.109,121.11
13-Aug-2012,102.911,100.824,106.264,101.616,106.276,105.603,108.45,105.001,104.419,106.318,105.248,118.625,120.681,113.334,110.083,108.641,110.931,110.315,128.443,118.005,121.298
14-Aug-2012,102.875,101.192,106.264,101.829,106.411,105.5,108.45,105.5,103.144,105.804,104.95,119.002,119.066,113.273,109.6,109.018,111.42,108.851,126.425,117.6,121.373
15-Aug-2012,102.859,101.034,106.264,101.88,106.276,105.414,108.45,105.372,103.041,105.669,104.084,118.349,120.131,112.515,109.288,108.027,109.609,108.3,127.278,116.225,119.924
16-Aug-2012,102.722,101.32,106.264,101.435,106.341,105.613,108.45,105.52,102.924,105.81,104.574,118.284,120.578,112.254,109.043,107.991,110.139,107.878,128.852,117.381,119.924
17-Aug-2012,103.05,101.237,106.425,101.95,106.283,105.645,108.45,105.528,102.878,105.896,105.01,117.329,119.338,112.326,110.876,108.227,109.4,107.724,128.328,119.18,119.255
20-Aug-2012,102.7,101.237,105.995,101.564,106.327,105.522,108.45,105.452,102.85,105.932,105.047,118.718,118.912,111.889,108.674,106.733,109.868,107.476,128.049,116.914,119.255
21-Aug-2012,102.77,100.75,105.995,101.933,106.308,105.418,108.45,105.412,102.739,105.975,105.217,118.895,120.745,112.99,110,108.344,110.754,108.284,131.002,116.914,119.255
22-Aug-2012,102.721,101.039,105.474,101.676,106.643,105.667,108.45,105.971,103.224,106.211,106.529,118.932,121.161,113.905,110.238,108.891,110.986,109.13,129.229,117.881,119.255
23-Aug-2012,102.745,101.039,105.474,101.584,106.159,106.05,108.45,105.543,103.401,105.934,105.422,118.667,121.108,115.41,109.976,108.776,109.8,109.479,129.735,119.248,120.87
24-Aug-2012,102.503,101.039,105.474,101.582,106.418,105.131,108.45,105.534,103.346,106.158,105.195,118.075,121.359,115.422,109.958,110.819,111.532,108.759,128.894,119.248,120.87
27-Aug-2012,102.744,100.971,105.811,101.647,106.226,105.7,108.45,105.748,103.368,106.265,105.577,118.859,121.683,113.889,110.46,109.343,111.275,108.26,129.897,119.026,121.509
28-Aug-2012,102.72,101.124,104.741,101.442,105.841,106.05,108.45,105.7,103.48,106.245,105.312,118.848,121.359,114.305,109.348,109.442,110.286,109.47,130.191,119.91,121.528
29-Aug-2012,102.793,100.2,104.741,101.628,106.117,105.748,108.45,105.8,102.878,106.22,105.314,118.929,120.533,114.1,109.898,108.925,111.431,109.592,128.469,119.91,120.6
30-Aug-2012,102.788,100.67,104.741,101.68,106.35,105.762,108.45,105.8,102.505,106.636,105.67,118.945,121.618,114.453,110.237,109.541,110.286,109.681,128.9,118.647,121.769
31-Aug-2012,102.712,101.062,104.741,101.714,105.967,106.028,108.45,105.973,103.674,106.835,104.858,119.305,122.022,114.58,110.214,109.8,112.474,110.411,130.851,118.664,121.769
04-Sep-2012,102.716,100.711,106.233,101.709,106.23,105.94,108.45,105.939,103.593,106.893,104.753,119.185,122.321,114.599,110.765,109.709,112.09,110.192,132.107,118.664,123.03
05-Sep-2012,102.642,100.969,105.883,101.704,105.8,105.918,108.45,105.907,102.832,106.1,105.956,119.071,122.363,114.798,110.647,109.823,111.557,110.018,131.041,122.263,122.604
06-Sep-2012,102.69,101.261,106.442,101.648,106.106,105.869,108.45,105.836,103.73,106.8,105.783,119.571,121.588,114.121,110.03,108.899,111.349,109.154,130.439,119.239,121.591
07-Sep-2012,102.622,101.579,105.657,101.594,106.301,106.322,108.45,105.996,104.13,106.845,106,119.424,122.075,113.317,107.946,109.264,113.078,109.63,129.282,119.239,121.591
10-Sep-2012,102.629,101.579,106.023,101.574,105.125,106.214,108.45,106.091,103.913,106.906,106.21,119.214,122.296,114.809,110.527,107.065,112.119,109.778,130.42,118.448,122.026
11-Sep-2012,102.57,101.579,106.023,101.756,106.172,106.193,108.45,106.062,104.153,106.768,106.222,119.558,122.165,114.049,109.536,109.327,112.263,109.472,129,119.847,122.714
12-Sep-2012,102.698,101.001,106.048,101.684,106.07,106.166,108.45,106.14,104.4,106.579,105.445,119.22,121.89,113.872,110.051,108.674,111.218,108.946,130.903,118.702,120.493
13-Sep-2012,102.697,101.104,106.048,101.718,106.31,106.254,108.45,106.705,104.19,106.667,106.461,119.665,122.333,112.365,109.279,108.852,111.716,111.163,131.984,117.794,120.698
14-Sep-2012,102.599,101.108,106.21,101.771,106.125,106.328,108.45,106.181,103.956,106.851,106.271,119.618,121.852,113.06,111.192,108.25,111.368,109.204,127.79,117.702,120.698
17-Sep-2012,102.521,101.221,106.21,101.607,106.42,106.144,108.45,106.116,104.266,106.5,106.381,119.491,121.899,113.509,109.95,108.726,111.276,111.035,130.856,119.137,119.523
18-Sep-2012,102.714,101.251,105.812,101.643,106.233,106.156,108.45,106.247,104.969,106.612,106.113,119.625,121.999,113.523,111.12,108.619,111.056,109.269,129.25,117.773,120.601
19-Sep-2012,102.57,101.241,105.812,101.853,106.31,106.158,108.45,106.026,104.305,106.517,106.105,119.357,123.142,112.949,109.169,108.663,109.518,108.674,129.71,117.143,120.601
20-Sep-2012,102.54,100.995,106.041,101.681,105.902,105.941,108.45,106.239,104.945,106.95,105.965,119.473,121.478,113.895,109.816,107.689,109.518,107.697,127.841,117.696,120.093
21-Sep-2012,102.529,101.021,106.041,101.81,106.153,106.002,108.45,106.102,104.125,106.425,106.049,120.105,122.308,113.522,109.629,108.74,111.452,109.008,127.82,117.696,120.093
24-Sep-2012,102.521,101.235,106.209,101.681,106.402,105.97,108.45,106.116,103.738,104.125,105.94,119.614,121.434,113.607,109.764,108.715,111.743,108.901,128.75,117.604,120.202
25-Sep-2012,102.4,101.089,105.682,101.42,106.166,105.767,108.45,106.01,103.888,106.747,105.963,119.183,122.467,113.701,109.716,109.814,110.837,109.483,129,117.478,121.346
