date,dprice_1,dprice_2,dprice_3,dprice_4,dprice_5,dprice_6,dprice_7,dprice_8,dprice_9,dprice_10,dprice_11,dprice_12,dprice_13,dprice_14,dprice_15,dprice_16,dprice_17,dprice_18,dprice_19,dprice_20,dprice_21,dprice_22,dprice_23,dprice_24,dprice_25,dprice_26,dprice_27,dprice_28,dprice_29,dprice_30,dprice_31,dprice_32,dprice_33,dprice_34
03-Jan-2012,105.76,109.236,101.904,108.701,102.544,105.983,110.217,109.435,110.082,109.352,107.042,110.793,105.585,100.622,119.701,109.229,102.531,111.722,103.458,104.701,113.88,113.38,113.487,112.316,117.636,113.95,112.203,104.019,107.588,105.699,118.81,110.424,109.103,123.729
04-Jan-2012,105.736,109.223,101.689,108.233,101.44,105.936,110.698,109.786,109.661,109.504,105.797,110.399,104.956,100.622,116.638,109.087,100.807,109.956,102.192,103.992,112.476,114.03,110.281,112.954,117.594,110.195,111.012,102.732,102.945,103.348,114.138,111.176,107.09,121.093
05-Jan-2012,105.627,109.236,101.564,108.39,101.378,105.938,110.019,109.576,110.065,109.617,105.785,110.508,104.942,100.622,117.915,109.213,100.915,110.358,102.52,103.759,113.544,113.388,112.547,113.26,115.783,110.221,112.588,103.518,102.516,103.473,118.141,107.814,106.782,116.787
06-Jan-2012,105.546,109.871,101.444,108.249,101.242,106.021,110.477,109.206,109.401,109.431,106.096,110.222,105.154,100.622,119.4,110.349,101.196,109.822,102.554,104.012,113.309,113.777,113.424,112.874,116.197,108.811,112.077,103.768,103.558,103.798,117.796,111.232,107.129,118.257
09-Jan-2012,105.74,109.881,101.614,108.284,101.269,106.132,110.54,109.372,109.02,109.294,106.143,109.687,105.248,100.622,115.883,109.354,101.173,109.898,102.832,104.188,112.88,113.392,113.958,112.592,116.521,110.383,111.148,107.86,104.08,104.269,115.879,111.133,107.832,118.686
10-Jan-2012,105.725,109.873,102.006,108.276,101.556,106.145,110.572,109.477,108.349,109.848,106.549,110.864,105.96,100.622,118.207,109.9,101.635,109.886,103.527,104.568,113.612,114.006,112.944,112.975,116.335,111.341,114.408,105.829,103.874,104.797,117.47,111.41,108.104,119.319
11-Jan-2012,103.824,109.921,101.63,108.288,101.35,106.202,110.584,110.392,108.966,109.649,106.488,110.726,106.022,100.622,118.207,108.61,101.672,110.125,103.304,105.809,113.788,114.814,113.959,113.532,116.919,111.84,114.195,105.849,104.417,105.512,119.229,112.719,106.817,120.554
12-Jan-2012,105.865,109.95,101.566,108.486,101.253,106.164,110.591,110.278,110.504,109.423,106.657,110.665,106.276,100.622,118.779,109.797,101.824,108.854,103.167,104.886,114.508,113.974,114.181,113.894,117.156,110.501,113.38,106.234,104.7,107.407,118.896,113.134,105.215,124.038
13-Jan-2012,105.655,109.926,101.712,108.461,101.558,106.206,110.682,109.554,110.126,109.336,106.628,110.739,106.162,100.622,118.779,110.1,102.249,109.889,103.587,104.655,114.49,115.044,112.817,115.129,116.255,112.198,112.423,104.899,104.014,105.063,119.414,112.242,108.89,120.59
17-Jan-2012,106.253,109.93,101.72,108.25,101.61,106.309,110.856,109.692,110.255,109.602,106.377,110.982,106.004,100.622,117.396,110.117,102.167,110.667,103.411,104.915,114.594,115.175,111.584,114.247,118.199,110.183,113.38,104.827,106.068,104.706,119.492,114.595,108.098,122.441
18-Jan-2012,105.86,109.912,101.66,108.998,101.734,106.36,111.208,109.676,110.718,109.789,106.752,111.569,106.128,100.622,117.453,109.134,102.532,110.621,103.52,105.327,114.165,113.988,114.978,113.705,116.215,111.372,111.642,104.604,104.739,107.305,117.801,100.836,106.94,121.442
19-Jan-2012,105.721,109.916,101.856,108.773,101.844,106.332,111.041,110.04,109.802,109.776,106.757,111.788,105.743,100.622,118.921,109.997,102.334,110.513,103.552,105.318,114.871,114.773,115.243,115.128,117.219,112.744,112.135,104.456,104.643,107.453,119.734,114.553,107.572,119.803
20-Jan-2012,105.836,109.898,101.768,108.367,101.682,106.371,110.696,109.529,110.19,110.115,107.038,111.109,106.206,100.622,120.018,110.551,102.524,110.436,103.213,105.79,114.153,115.439,114.855,113.713,116.581,109.991,111.249,104.168,104.302,105.129,117.818,111.515,109.627,119.07
23-Jan-2012,106.168,109.952,102.162,108.29,102.114,106.46,111.315,110.025,110.195,110.259,106.925,111.423,106.152,100.622,120.018,109.932,102.79,110.625,103.822,105.138,112.783,114.68,115.318,114.964,116.92,110.94,115.172,104.6,105.967,105.151,120.791,116.898,108.696,121.627
24-Jan-2012,105.647,110.014,101.682,108.658,101.971,106.557,111.048,110.626,110.394,110.142,106.884,111.787,105.976,100.622,121.146,110.644,102.393,110.553,104.462,105.347,113.476,115.086,115.002,111.868,115.693,110.511,113.26,106.169,105.003,104.606,119.677,112.917,106.945,120.298
25-Jan-2012,105.697,110.002,101.88,109.001,102.017,106.614,111.54,109.856,111.056,110.481,107.44,111.577,107.512,100.622,121.146,110.572,101.865,110.306,104.532,106.118,115.642,116.035,115.486,115.595,117.523,111.218,112.213,105.163,104.944,105.91,124.414,113.691,107.961,121.225
26-Jan-2012,106.036,110.012,101.955,108.961,102.864,106.704,110.028,110.605,111.02,110.246,107.608,112.043,107.512,100.622,121.146,111.302,103.427,111.999,104.971,106.246,114.884,115.497,115.881,114.356,118.318,112.68,113.516,107.721,105.896,106.452,120.821,115.937,107.5,123.996
27-Jan-2012,106.11,110.151,102.125,108.797,102.219,106.731,111.668,110.669,110.368,109.454,108.338,113.056,106.813,100.622,121.146,110.634,103.545,111.61,105.383,106.333,114.878,116.24,116.375,116.406,118.991,112.374,111.891,106.799,108.642,106.68,121.385,115.985,108.065,124.474
30-Jan-2012,105.955,110.137,101.978,109.038,102.122,106.868,111.859,110.889,111.005,110.108,107.296,112.06,107.12,102.071,118.787,111.348,103.416,111.705,105.057,106.39,115.55,115.462,116.601,115.191,117.908,112.236,113.575,108.345,105.427,107.956,120.165,115.959,109.183,123.262
31-Jan-2012,105.996,110.167,102.027,108.983,102.121,106.834,112.238,110.751,110.425,110.571,107.764,112.084,106.331,102.627,118.25,110.919,103.098,111.574,105.173,106.614,114.433,117.108,116.733,116.101,118.366,115.515,115.391,106.577,106.553,107.334,122.66,117.522,111.004,125.655
01-Feb-2012,106.017,110.166,102.104,108.868,102.189,106.826,112.073,110.361,110.62,111.082,107.468,111.987,106.743,102.627,120.466,111.799,103.853,112.324,105.184,106.857,115.89,116.889,116.966,116.857,118.925,113.593,114.765,106.171,107.142,107.752,122.926,116.701,111.295,125.06
02-Feb-2012,106.226,110.194,101.984,108.893,102.211,106.845,102.177,111.129,111.283,111.024,107.504,112.43,106.789,102.802,120.466,111.638,103.711,110.866,105.964,106.578,115.787,116.08,117.969,116.559,116.524,113.505,114.601,106.851,106.855,108.582,122.303,115.077,110.93,125.049
03-Feb-2012,106.26,110.203,102.1,108.975,102.196,106.876,112.177,110.671,111.018,110.707,107.875,112.133,106.873,102.737,120.466,111.476,103.448,112.115,104.989,106.501,115.645,116.74,117.229,116.794,116.535,114.418,114.508,106.88,107.023,108.76,123.261,112.844,110.091,125.231
06-Feb-2012,106.018,110.146,101.745,109.774,102.245,106.909,110.659,111.045,110.392,110.734,107.832,112.47,108.239,103.092,120.466,110.355,103.729,113.401,106.469,107.502,114.927,116.548,117,116.647,116.281,113.395,115.022,106.79,107.156,108.675,120.95,110.434,108.455,124.858
07-Feb-2012,106.287,110.236,102.398,108.955,102.284,106.912,112.106,111.015,111.409,111.022,107.631,112.1,107.624,102.873,120.466,110.263,103.944,112.975,105.364,107.032,116.216,116.403,117.34,116.907,115.879,113.744,116.793,106.867,106.684,107.67,122.443,109.645,109.628,122.573
08-Feb-2012,106.058,110.239,102.323,107.905,102.263,107.014,112.14,111.029,111.721,110.953,107.669,112.476,107.195,102.993,119.647,111.649,104.221,112,105.6,107.254,115.707,116.467,117.021,116.68,115.445,112.753,115.423,106.441,106.764,107.789,122.856,111.195,109.651,123.636
09-Feb-2012,106.221,110.183,102.201,109.202,102.183,106.914,112.044,110.869,110.77,111.066,107.802,111.945,106.686,102.964,119.542,111.079,104.418,110.778,105.234,106.409,116.104,116.46,117.578,116.982,115.694,111.733,112.702,108.249,105.855,106.563,121.91,112.638,107.75,122.87
10-Feb-2012,106.24,110.189,102.395,108.919,102.375,106.991,112.142,110.461,110.294,110.887,108.098,111.93,106.788,102.964,115.293,111.253,103.581,112.106,105.645,107.017,115.716,113,116.699,118.756,115.63,113.104,113.857,106.465,106.492,107.497,122.924,112.205,109.163,121.664
13-Feb-2012,105.906,110.097,102.364,108.919,102.473,106.992,112.024,111.094,111.441,111.073,107.641,111.744,106.99,102.964,115.293,108.325,103.406,111.593,105.329,106.902,114.691,115.357,116.184,116.066,116.132,113.562,114.137,106.373,108.929,107.783,120.151,111.154,109.672,124.121
14-Feb-2012,105.917,110.113,102.208,109.125,102.435,106.908,111.88,110.734,110.667,110.583,107.927,112.234,107.027,103.301,119.29,111.474,103.862,111.666,105.392,107.4,115.594,114.263,117.341,116.181,117.004,113.161,112.715,106.21,106.545,107.784,120.783,112.717,111.872,123.472
15-Feb-2012,106.085,110.147,102.378,109.002,102.367,106.882,112.186,110.785,111.068,110.908,107.8,112.055,107.107,103.301,119.52,111.413,102.087,110.63,105.889,107.408,114.533,108.297,116.793,115.259,116.096,113.006,114.04,106.932,106.808,107.782,121.99,112.394,103.486,122.587
16-Feb-2012,106.199,110.104,102.108,109.107,102.163,106.842,111.898,110.754,110.447,110.732,106.706,112.174,106.765,104.538,117.936,111.406,103.149,111.725,105.472,107.068,115.888,114.681,116.605,116.091,115.162,112.385,114.707,107.78,106.578,107.579,120.335,109.156,107.765,121.93
17-Feb-2012,106.044,109.798,102.36,109.215,102.422,106.824,112.232,111.07,111.005,111.085,106.648,111.912,107.017,104.538,117.936,110.977,102.273,112.725,105.477,106.94,115.911,113.403,116.672,116.843,116.485,111.22,113.911,106.236,106.893,108.989,120.077,111.192,109.403,121.541
21-Feb-2012,106.037,109.78,102.271,108.56,102.244,106.843,111.155,110.832,110.552,110.48,107.148,111.748,106.89,104.538,118.265,111.311,103.56,111.939,105.765,107.167,114.371,113.712,116.811,116.884,116.122,113.153,113.596,106.652,106.374,107.576,118.312,109.195,108.695,122.26
22-Feb-2012,106.008,109.801,102.26,109.171,102.672,106.876,112.205,110.969,110.899,110.789,107.688,111.812,107.184,104.538,118.265,111.341,102.555,111.948,105.726,107.109,115.955,114.116,117.431,117.117,116.278,113.249,114.654,108.179,106.95,108.066,120.54,113.032,111.702,124.983
23-Feb-2012,106.058,109.766,102.272,109.311,102.41,106.843,112.056,109.621,111.118,110.872,107.745,111.91,106.994,104.093,118.787,111.084,103.776,112.113,105.698,107.469,114.956,113.843,115.887,116.828,116.509,114.269,114.552,106.921,107.202,108.326,121.443,113.109,111.833,123.303
24-Feb-2012,106.411,109.768,102.249,109.446,102.351,106.856,111.687,110.249,110.606,111.164,107.842,112.18,106.96,104.093,119.02,111.89,102.888,112.458,105.861,107.528,116.226,114.151,117.688,117.432,118.143,114.197,114.053,108.273,108.176,108.956,126.075,114.834,109.884,124.633
27-Feb-2012,106.352,109.82,102.432,109.314,103.039,106.858,112.323,111.029,111.012,111.079,107.664,111.97,107.151,104.093,120.899,111.215,103.035,112.007,105.765,107.714,116.47,114.953,117.393,117.475,117.549,114.613,114.804,108.826,108.757,109.733,122.947,114.402,111.602,125.937
28-Feb-2012,105.866,109.832,102.522,109.804,102.651,106.858,112.257,111.02,111.031,111.253,108.24,112.103,107.246,102.737,120.899,112.024,103.938,111.285,106.159,107.705,115.734,115.205,118.095,118.147,119.017,115.131,115.71,109.465,109.656,110.523,124.46,116.457,115.384,126.979
29-Feb-2012,106.318,109.829,102.485,109.627,102.431,106.838,112.238,111.013,111.13,111.493,108.299,109.934,107.561,102.737,119.928,111.615,103.969,111.957,105.351,107.749,116.552,113.825,119.091,117.983,119.034,115.667,117.465,109.853,108.281,110.99,123.063,113.838,112.928,125.528
01-Mar-2012,106.29,109.831,102.48,109.413,102.609,106.847,112.319,111.031,111.383,111.356,107.279,110.049,107.329,104.2,119.928,111.442,104.206,112.134,105.439,107.96,116.891,115.556,119.254,118.253,118.275,116.505,117.053,109.764,107.508,110.735,123.994,113.545,113.555,127.146
02-Mar-2012,106.192,109.86,102.557,109.495,102.868,106.911,112.118,110.475,111.663,111.131,107.848,109.869,107.663,104.094,121.221,111.791,103.79,113.056,106.8,108.084,117.345,115.438,120.762,118.666,119.042,117.294,116.77,111.91,109.919,109.898,123.338,120.472,114.282,129.301
05-Mar-2012,104.193,109.841,102.466,109.451,102.496,106.901,112.328,110.476,111.469,111.785,107.854,109.854,107.586,104.094,121.221,111.791,103.921,112.514,106.252,107.821,117.545,115.756,118.511,118.563,119.023,115.667,116.701,108.959,109.865,110.156,123.546,116.57,112.881,126.769
06-Mar-2012,106.453,110.014,102.552,108.135,102.45,106.924,112.589,110.951,110.957,110.608,107.167,109.568,107.376,104.094,121.185,111.791,103.563,112.385,107.428,107.822,117.098,115.145,118.919,118.277,118.384,116.011,116.772,109.635,109.13,109.594,124.734,116.793,112.648,127.361
07-Mar-2012,106.363,110.043,102.592,109.36,102.54,103.779,112.295,110.99,111.494,111.054,107.903,110.008,106.21,104.094,120.645,111.173,103.489,112.579,106.384,108.062,116.158,115.373,118.323,117.791,118.696,116.126,116.646,109.464,108.385,110.141,123.569,115.358,113.256,125.984
08-Mar-2012,106.349,110.062,102.461,109.138,102.578,103.754,111.852,110.563,111.738,111.349,108.257,111.047,107.241,104.094,120.645,111.769,103.584,112.266,105.819,107.54,117.095,115.617,118.922,119.088,118.707,116.583,116.084,110.324,109.24,110.54,123.834,115.64,112.088,126.571
09-Mar-2012,105.473,110.069,102.581,109.364,102.426,103.751,112.132,111.025,110.888,111.312,108.479,109.693,107.647,104.094,120.645,111.102,103.239,112.639,105.674,107.967,117.538,114.98,116.797,116.828,118.897,116.129,116.676,110.602,108.684,111.619,123.804,114.182,112.394,125.905
12-Mar-2012,106.326,110.065,102.365,109.165,102.784,103.74,112.264,110.953,111.347,109.411,107.161,110.089,107.458,103.512,112.062,110.915,103.7,112.378,106.169,107.805,116.425,115.534,115.804,118.729,118.641,116.211,118.732,109.115,109.549,110.978,121.248,115.688,112.493,126.674
13-Mar-2012,106.159,110.023,101.611,109.49,102.464,103.714,112.27,111.027,111.323,108.754,108.157,110.538,107.499,103.512,117.093,111.587,104.188,112.31,105.996,107.771,116.962,115.597,116.084,118.774,118.666,116.376,118.509,106.851,109.506,110.149,119.126,114.878,111.509,125.94
14-Mar-2012,106.254,109.995,101.432,109.509,102.456,103.638,112.135,110.906,111.226,108.603,107.762,109.933,107.41,103.512,117.093,111.83,103.463,112.312,105.663,108.019,117.754,115.011,115.274,118.102,117.386,115.036,115.731,106.241,108.366,109.756,121.365,116.468,107.591,124.095
15-Mar-2012,106.283,110.042,101.576,107.157,102.487,103.679,112.259,110.744,111.162,108.946,107.758,109.913,107.236,103.512,117.093,111.83,104.01,112.194,105.83,107.563,116.974,116.855,115.932,118.125,117.132,115.347,117.581,106.181,108.471,109.733,119.094,114.696,110.796,125.25
16-Mar-2012,106.389,110.062,101.698,106.59,102.723,103.67,112.594,110.814,111.239,108.979,108.883,110.149,108.128,103.512,116.108,109.836,103.123,113.973,105.862,107.795,118.345,115.246,115.941,118.474,117.54,115.52,114.592,106.766,106.826,109.87,119.583,114.745,111.365,125.18
19-Mar-2012,106.059,110.037,101.568,106.73,102.544,103.639,112.321,110.881,110.217,108.692,107.866,110.221,107.041,103.512,116.334,109.12,103.586,110.801,105.141,107.061,116.107,115.086,115.574,117.65,117.077,115.031,114.592,104.811,107.94,109.155,118.68,112.98,111.1,124.348
20-Mar-2012,106.28,109.967,101.741,106.737,102.318,103.627,112.197,111.091,111.181,108.757,107.745,109.792,107.302,103.512,117.572,110.84,103.684,112.013,105.854,107.082,115.614,114.82,118.187,117.717,119.907,114.359,114.592,105.487,107.787,108.015,118.125,113.821,108.677,123.586
21-Mar-2012,105.771,110.032,101.755,106.788,102.736,103.662,112.187,110.311,111.216,108.745,107.73,109.848,107.155,103.512,117.572,109.261,103.839,111.952,105.468,107.405,116.987,115.27,116.072,117.746,119.75,114.885,117.447,105.798,108.03,110.471,119.792,113.931,110.485,124.168
22-Mar-2012,106.167,110.039,101.698,106.811,102.56,103.684,112.146,110.976,111.057,108.818,107.805,109.937,107.468,103.512,117.229,109.374,103.74,112.219,105.438,107.756,116.909,114.921,115.723,117.931,117.394,114.387,117.447,105.856,107.909,108.835,118.572,112.854,114.316,125.021
23-Mar-2012,106.172,110.057,101.741,106.702,102.585,103.714,112.016,110.887,110.318,108.522,107.453,109.075,107.38,103.512,118.082,109.454,103.419,112.219,105.926,106.568,117.085,115.23,114.603,117.692,117.844,117.546,116.619,104.562,107.82,108.933,122.217,113.974,112.758,125.377
26-Mar-2012,106.344,110.071,100.503,106.825,102.591,103.69,112.218,110.388,111.429,108.89,106.667,109.895,107.444,103.512,117.557,109.181,103.85,112.347,105.53,107.54,116.576,114.16,116.436,117.325,117.655,114.793,116.332,105.902,108.288,109.676,120.299,115.243,111.218,125.504
27-Mar-2012,106.305,110.099,101.713,106.068,102.64,103.76,110.745,111.137,111.022,108.848,107.803,110.394,107.261,103.512,115.188,109.169,104.006,112.226,106.133,107.833,116.754,115.064,117.197,118.823,118.236,118.789,116.726,106.94,110.266,109.694,119.724,116.165,111.973,127.031
28-Mar-2012,106.374,110.083,101.604,107.001,102.668,103.796,112.368,110.926,110.773,108.874,107.857,110.368,107.463,103.512,115.188,109.41,103.886,112.297,105.722,109.135,117.191,115.015,116.129,118.234,118.001,115.537,116.452,105.545,108.272,109.086,120.71,113.617,112.189,125.462
29-Mar-2012,106.304,110.099,101.722,106.695,102.77,103.795,111.044,110.273,110.244,108.937,107.448,110.344,106.677,103.512,115.188,109.414,103.359,112.281,106.139,107.772,117.986,115.355,116.462,117.575,117.933,115.54,116.097,107.543,106.837,109.564,121.408,115.309,112.636,125.704
30-Mar-2012,106.338,110.097,101.562,106.954,102.949,103.777,112.231,109.651,111.199,108.801,107.796,110.12,106.677,103.512,115.188,109.705,103.676,111.83,106.22,107.764,116.756,114.876,116.114,118.251,118.165,116.761,118.763,105.508,108.262,108.441,120.265,115.388,111.472,125.93
02-Apr-2012,106.418,110.109,101.55,106.696,102.56,103.779,112.353,111.174,110.991,108.714,106.719,110.72,107.032,103.512,116.483,109.23,103.879,112.408,106.335,107.774,117.05,116.4,117.253,118.544,118.388,113.829,115.397,105.874,108.253,109.219,120.639,114.741,111.701,126.076
03-Apr-2012,106.272,110.091,101.826,107.116,102.696,103.788,112.099,110.876,111.122,108.754,108.193,110.237,107.902,103.512,116.483,108.665,103.565,112.507,105.587,109.185,116.773,115.527,115.843,117.784,118.033,114.149,115.634,106.979,108.875,109.206,119.054,114.005,110.034,123.842
04-Apr-2012,106.385,110.103,101.517,106.303,102.707,103.734,112.015,110.927,110.829,108.873,107.882,110.321,107.213,103.512,115.222,108.188,103.578,112.094,105.987,107.473,116.248,114.962,115.579,117.672,117.668,114.503,115.305,107.797,107.945,110.825,119.251,113.046,112.72,124.191
05-Apr-2012,106.156,110.114,101.526,106.362,102.638,103.763,112.081,110.833,110.395,108.503,107.444,110.028,107.205,103.512,115.222,108.484,103.584,114.019,105.808,107.889,116.357,115.144,115.801,117.987,118.043,114.731,115.305,105.309,108.486,108.146,118.222,116.193,110.571,124.158
09-Apr-2012,105.856,110.159,101.496,106.935,102.489,103.763,111.849,110.924,111.494,107.988,107.569,109.943,107.538,103.512,115.222,108.799,103.398,112.724,105.885,108.596,116.61,114.949,115.661,118.007,118.626,115.431,114.702,105.538,107.749,108.484,120.485,114.61,111.069,129.301
10-Apr-2012,106.391,110.178,100.921,106.953,102.462,103.841,111.794,111.027,111.305,108.219,107.314,109.864,107.377,103.085,115.222,108.974,103.312,112.899,105.483,107.988,116.074,115.227,115.857,117.567,118.802,117.917,116.861,107.005,107.816,108.703,120.11,115.1,111.872,124.691
11-Apr-2012,105.4,110.18,101.88,107.099,102.314,103.853,111.877,110.392,110.994,108.101,106.583,110.267,107.347,103.085,115.622,109.275,103.011,111.557,105.476,107.515,115.276,115.214,115.726,117.89,118.388,115.446,118.72,105.409,107.88,108.981,120.035,113.501,111.801,125.766
12-Apr-2012,106.23,110.216,101.581,106.818,102.739,103.884,111.362,110.874,111.109,108.922,107.428,109.92,107.61,103.706,117.299,109.066,104.132,112.711,105.623,106.792,117.077,115.806,115.866,117.942,118.825,115.465,116.057,106.062,107.859,106.898,119.884,114.84,111.329,125.468
13-Apr-2012,106.377,110.217,101.539,107.008,102.509,103.928,111.966,110.253,111.471,109.018,107.407,109.866,107.27,102.98,117.299,109.066,103.401,112.896,105.752,106.102,116.018,115.473,115.847,118.419,118.778,115.308,115.945,106.27,107.995,107.223,120.798,115.802,111.534,125.928
16-Apr-2012,106.115,110.2,101.506,106.805,102.586,103.903,111.844,110.938,110.96,108.835,107.41,109.903,107.305,102.98,115.825,109.05,102.685,112.908,105.789,106.593,117.09,115.443,114.628,117.807,121.123,115.247,118.216,105.651,109.425,107.449,120.51,114.032,112.456,127.127
17-Apr-2012,106.205,110.178,101.544,106.881,102.595,103.899,111.987,110.833,111.395,108.862,107.775,110.195,107.297,103.624,115.825,108.302,103.64,113.083,106.169,107.12,114.154,116.635,116.361,118.426,118.764,115.433,116.875,105.969,106.323,109.879,119.982,112.357,112.442,127.987
18-Apr-2012,106.466,110.198,101.798,106.815,102.623,103.909,111.956,110.749,111.263,108.967,107.644,110.039,107.309,103.624,116.617,108.302,103.635,112.902,105.571,105.927,112.778,115.568,116.084,116.537,119.045,115.209,116.362,106.301,108.454,110.703,122.907,114.665,111.866,127.13
19-Apr-2012,105.907,110.388,101.504,106.76,102.485,103.944,111.83,111.339,111.125,108.765,107.468,110.167,107.322,103.16,118.807,109.221,103.559,112.719,105.662,106.197,114.56,115.205,115.814,119.852,119.316,115.722,116.871,106.839,108.767,108.017,120.894,114.531,112.597,127.868
20-Apr-2012,106.106,110.298,101.595,106.718,102.638,103.951,111.929,110.859,111.088,108.641,107.316,109.954,107.522,103.16,117.533,109.483,104.038,112.751,105.681,106.018,114.087,114.22,116.171,118.136,119.493,116.635,117.434,107.325,109.24,108.237,121.232,114.782,113.322,127.422
23-Apr-2012,106.202,110.296,101.739,107.19,102.489,103.957,112.111,110.849,111.27,107.766,107.522,109.954,107.5,103.16,116.423,109.759,103.541,112.88,105.98,106.214,114.418,115.021,117.274,118.099,120.38,115.793,116.458,106.821,109.247,108.19,122.41,115.648,112.984,127.474
24-Apr-2012,106.481,110.295,101.539,106.733,102.457,103.954,112.388,110.785,111.228,108.661,107.568,110.133,106.958,103.79,115.946,109.44,103.448,113.029,105.677,105.924,113.879,114.602,116.001,116.6,118.569,115.378,116.651,106.657,109.188,108.238,121.559,114.767,113.431,128.284
25-Apr-2012,106.887,110.319,101.529,106.531,102.427,103.963,111.894,110.949,111.757,108.711,107.459,110.008,107.071,103.79,117.13,109.334,104.243,112.902,105.692,105.801,114.627,115.532,116.358,117.842,119.523,115.293,116.847,107.061,109.414,108.45,121.003,118.266,112.73,128.722
26-Apr-2012,104.038,110.327,101.922,106.615,102.499,103.933,111.941,110.869,111.232,108.884,107.575,111.306,106.955,103.844,115.632,109.493,102.683,113.108,106.05,105.886,114.479,115.369,116.465,115.565,119.537,115.836,119.359,107.345,109.557,108.727,121.237,115.914,113.121,128.545
27-Apr-2012,103.874,110.329,101.814,106.735,102.578,103.929,112.229,111.025,111.427,108.86,107.815,110.332,107.372,103.258,115.443,106.974,103.57,113.467,106.195,106.226,114.614,116.1,116.767,116.029,121.194,115.848,117.717,107.51,109.91,108.689,122.839,117.078,113.571,129.032
30-Apr-2012,104.067,110.329,101.709,106.858,102.727,103.97,110.923,110.985,111.333,108.883,107.685,110.207,107.378,103.258,117.573,109.206,103.56,113.407,105.838,106.319,113.441,115.802,116.393,115.844,119.519,116.532,117.35,108.078,110.834,109.286,122.6,117.838,114.539,129.189
01-May-2012,103.97,110.325,101.686,106.753,102.633,103.941,112.114,110.877,111.652,108.834,107.803,110.021,107.222,103.109,116.78,109.873,102.577,112.638,106.128,106.143,116.328,115.823,116.718,114.67,120.007,117.272,114.991,107.688,109.621,109.482,126.536,117.186,113.973,129.557
02-May-2012,104.106,110.347,101.704,106.849,103.657,103.975,112.279,111.062,111.323,108.881,107.625,110.12,107.322,105.132,116.78,109.722,103.62,113.402,105.709,105.736,114.949,116.01,116.719,116.274,118.6,116.17,114.935,107.973,109.942,110.282,122.799,118.103,114.995,130.26
03-May-2012,104.223,110.352,101.593,106.904,102.514,103.994,112.649,110.103,110.768,108.66,108.166,110.717,108.078,103.981,118.344,108.356,103.746,113.42,106.006,106.766,114.918,115.872,117.158,116.12,120.367,117.423,115.439,108.493,110.63,109.62,123.892,117.305,115.755,130.657
04-May-2012,103.607,110.364,101.545,106.435,102.556,104.01,111.854,110.963,111.743,108.976,107.888,110.764,106.514,103.981,118.344,109.941,102.33,113.307,104.371,106.383,113.709,117.11,118.663,115.305,120.104,116.924,115.872,108.357,110.517,111.908,122.838,120.34,115.91,130.526
07-May-2012,104.169,110.388,101.683,106.91,102.434,104.009,112.141,111.022,111.53,108.955,106.533,110.543,107.459,104.281,118.344,110.976,102.554,113.152,104.208,106.439,112.787,115.932,116.79,116.432,120.033,116.7,115.656,107.451,110.459,109.726,122.45,119.34,114.703,130.756
08-May-2012,103.731,110.38,101.717,107.02,102.441,104.009,112.299,111.022,111.103,108.554,107.266,110.686,107.179,104.281,118.344,109.949,102.371,112.086,104.595,106.16,114.751,115.532,116.144,115.974,120.358,116.542,115.78,107.968,110.692,109.521,121.845,119.427,115.089,130.579
09-May-2012,104.059,110.379,101.593,106.917,102.652,104.011,109.241,111.062,111.367,108.558,105.931,110.495,107.335,104.281,117.364,110.016,102.551,113.143,103.806,106.105,115.958,115.639,116.377,116.209,120.111,117.133,114.404,107.579,110.31,109.25,123.559,117.73,114.508,130.314
10-May-2012,103.804,110.391,101.55,106.75,102.635,104.005,109.262,111.012,110.384,109.055,105.726,110.411,107.455,103.336,116.281,109.418,103.205,112.942,104.149,106.061,114.535,115.693,115.438,115.674,119.286,117.44,114.806,106.833,110.272,109.353,124.329,117.674,114.907,130.179
11-May-2012,103.834,110.39,101.622,106.913,102.608,104.017,109.385,110.973,111.268,108.772,105.679,109.3,107.342,103.336,115.481,110.098,102.187,113.022,104.463,106.005,114.378,117.436,116.336,115.666,119.706,116.694,115.123,107.746,110.548,109.675,123.853,118.92,115.295,131.108
14-May-2012,103.804,110.307,101.556,106.828,102.485,103.986,108.934,110.973,111.214,108.441,105.131,109.989,107.108,103.336,115.481,109.749,102.085,113.293,104.203,105.515,114.092,114.728,115.811,114.45,119.42,115.151,115.123,108.617,109.555,109.249,123.188,118.683,115.801,130.105
15-May-2012,104.09,110.256,101.333,106.182,102.351,103.931,108.907,110.896,111.139,108.461,104.988,110.099,106.853,103.665,117.208,109.168,102.511,112.552,103.669,105.616,114.048,114.638,115.766,115.07,119.31,116.048,113.816,108.529,110.308,109.394,123.526,117.858,114.072,130.491
16-May-2012,103.217,110.399,101.369,106.54,102.283,103.936,108.731,110.763,111.16,108.371,105.681,109.804,106.694,103.38,117.815,110.074,102.33,111.647,102.214,105.599,113.696,114.358,115.343,114.822,120.147,116.111,114.281,108.54,111.203,108.632,123.174,117.826,114.477,129.511
17-May-2012,103.575,110.4,101.735,106.411,102.315,103.912,108.58,110.988,110.793,108.142,104.901,109.506,106.754,102.786,117.815,109.277,101.653,111.811,102.957,105,113.443,113.569,114.247,114.34,117.545,115.302,114.207,107.552,109.673,109.688,121.756,117.623,114.075,129.146
18-May-2012,103.836,110.399,101.55,106.455,102.28,103.916,108.792,110.763,110.793,107.901,104.694,109.37,106.289,102.786,115.513,108.86,101.217,111.831,102.856,104.721,113.693,114.326,115.983,114.169,119.287,116.188,114.622,109.478,109.436,108.322,125.328,116.285,113.594,130.928
21-May-2012,104.114,110.349,101.621,106.74,102.172,103.961,108.502,110.372,110.712,107.91,105.297,109.355,106.418,103.287,115.513,109.036,101.344,112.176,102.952,105.004,113.53,113.092,114.966,114.533,117.266,115.51,113.165,106.596,111.686,108.905,121.503,117.265,112.384,128.13
22-May-2012,104.108,110.303,101.259,106.866,102.186,103.952,108.712,110.581,111.282,107.91,105.115,109.722,105.969,103.287,115.513,108.972,101.353,111.265,103.482,104.926,113.915,114.051,114.828,113.63,118.986,115.378,112.604,109.066,109.505,108.711,125.492,115.708,113.872,127.823
23-May-2012,104.028,110.363,101.502,106.68,102.29,103.993,107.262,110.881,110.803,108.207,105.14,109.677,105.709,103.152,115.513,108.972,101.434,112.252,102.956,105.236,113.776,113.853,115.023,113.96,118.183,115.628,113.75,106.861,109.871,108.878,122.938,117.202,112.146,129.064
24-May-2012,103.928,110.386,101.493,106.743,102.266,103.978,108.741,110.744,110.895,108.067,105.379,109.832,106.644,103.117,115.513,108.972,101.385,112.004,103.286,105.172,113.333,114.1,114.629,113.849,117.179,115.339,114.916,105.399,109.42,109.096,121.835,117.014,112.677,128.668
25-May-2012,103.889,110.365,101.445,106.757,102.321,103.989,108.495,110.822,111.202,108.109,105.325,109.678,106.918,103.391,115.513,108.972,102.31,112.509,103.494,105.759,113.662,114.39,114.404,114.379,120.817,114.912,114.916,107.357,109.508,109.049,125.325,117.517,113.352,131.007
29-May-2012,103.9,110.377,100.835,106.762,102.477,103.993,108.942,110.603,111.271,107.073,105.083,109.895,106.974,103.391,115.513,109.355,101.477,112.426,103.304,104.301,114.179,114.022,113.357,112.7,118.663,115.906,114.464,107.026,110.395,109.983,122.604,117.455,113.295,128.883
30-May-2012,103.871,110.405,101.326,106.822,102.177,104.029,108.903,108.504,111.104,107.807,105.398,109.954,106.89,103.391,115.513,109.286,101.933,112.208,103.668,105.077,113.979,114.342,115.338,114.107,119.218,116.491,115.824,108.357,110.749,110.477,123.856,118.534,115.656,129.967
31-May-2012,104.103,110.409,101.451,106.799,102.198,104.059,109.474,108.314,110.712,108.294,105.916,109.52,106.966,103.391,117.48,109.943,101.532,111.33,103.657,105.681,113.836,114.394,115.443,114.399,119.747,116.96,115.824,108.31,111.483,111.222,124.18,119.186,117.25,131.804
01-Jun-2012,103.916,110.43,101.593,106.833,102.405,104.108,108.553,106.878,111.142,108.519,105.924,110.003,106.662,103.399,118.306,108.931,101.525,112.035,103.529,105.355,113.82,114.947,115.405,114.356,121.871,117.159,114.411,109.529,111.403,110.877,124.16,119.624,117.572,132.071
04-Jun-2012,104.163,110.422,101.65,106.828,102.318,104.085,108.773,107.837,110.853,108.313,105.277,109.617,106.977,103.589,118.634,108.724,101.674,112.29,103.008,105.102,114.143,114.088,114.88,113.746,118.45,114.776,115.387,107.993,111.179,111.087,124.467,119.751,115.495,130.04
05-Jun-2012,103.936,110.43,101.823,106.68,102.606,104.096,107.91,107.857,110.889,108.411,105.358,109.687,107.107,103.589,118.634,108.817,100.981,112.195,103.392,105.049,113.588,114.183,115.244,113.632,118.267,116.668,115.387,108.15,110.275,110.811,123.562,119.09,113.861,133.594
06-Jun-2012,104.021,110.474,101.674,106.773,102.48,104.051,109.063,107.594,108.818,108.417,105.342,109.738,106.925,103.589,118.634,109.496,101.806,112.972,103.353,104.835,113.704,114.323,114.29,114.395,118.826,116.248,113.58,107.694,111.112,110.971,123.212,116.215,112.883,129.834
07-Jun-2012,104.016,110.498,101.539,106.834,102.424,104.102,108.587,108.562,108.539,109.148,105.639,110.109,107.076,103.589,117.376,109.251,102.053,113.076,103.381,105.314,113.589,114.913,115.019,114.508,119.01,116.41,115.056,108.653,111.831,111.404,123.959,118.723,114.276,129.66
08-Jun-2012,103.992,110.495,101.628,106.911,102.551,104.087,109.149,108.354,108.436,108.662,105.505,110.151,107.156,104.47,117.611,109.095,102.14,112.528,103.944,106.11,113.698,114.918,115.046,114.573,118.924,116.296,112.733,108.157,111.219,111.159,124.192,115.63,115.845,129.571
11-Jun-2012,104.125,110.483,101.672,106.115,102.515,104.067,109.261,108.701,108.53,108.298,105.462,109.727,107.2,103.432,112.824,109.095,102.137,112.671,103.801,105.267,112.923,115.364,115.555,114.671,119.077,116.673,114.867,108.457,111.517,111.213,123.169,117.715,114.789,129.695
12-Jun-2012,104.315,110.473,101.324,106.687,102.643,104.072,108.896,108.275,108.311,108.481,105.473,109.766,106.962,103.45,115.975,109.559,101.998,112.062,103.453,105.39,113.521,114.89,114.917,114.19,118.655,116.07,113.209,106.319,110.573,109.972,125.788,116.07,113.76,129.195
13-Jun-2012,104.037,110.478,101.603,106.908,102.567,104.05,109.111,107.668,108.53,108.697,105.544,109.678,106.443,103.45,115.446,109.191,101.474,112.624,103.339,106,113.119,115.074,114.003,114.703,119.046,116.796,117.728,108.818,110.31,110.788,124.244,117.214,113.314,130.185
14-Jun-2012,104.039,110.485,101.611,106.904,102.426,104.053,109.105,107.513,108.411,108.51,105.897,109.712,106.729,103.45,118.802,109.463,101.97,112.286,103.773,105.061,113.461,114.797,114.954,114.112,118.223,115.792,112.772,107.571,110.724,110.475,123.34,117.377,114.555,128.993
15-Jun-2012,104.242,110.513,101.639,107.101,102.513,104.092,109.178,109.141,108.633,108.562,105.575,109.732,107.203,103.45,117.742,109.582,102.17,112.379,103.56,105.833,114.382,115.138,115.787,115.209,119.458,117.244,114.587,109.187,113.237,111.519,125.036,117.547,116.024,134.949
18-Jun-2012,103.137,110.503,101.687,106.705,102.547,104.09,109.497,108.105,109.185,108.24,105.757,108.949,107.301,103.45,116.19,109.423,102.14,112.367,103.928,105.296,113.919,115.572,114.36,115.018,119.584,117.181,114.205,108.757,112.661,112.407,123.389,117.547,115.686,131.17
19-Jun-2012,104.18,110.516,101.702,106.854,102.526,104.093,109.78,108.669,108.598,109.299,106.197,109.903,107.341,103.716,116.19,109.679,101.939,113.043,104.075,106.068,114.126,115.684,116.466,114.358,119.123,117.113,114.521,108.773,110.129,111.146,124.114,122.164,115.388,133.594
20-Jun-2012,104.169,110.524,101.658,107.213,102.501,104.114,108.888,108.877,109.193,108.916,105.65,109.907,107.323,103.716,117.76,110.026,101.588,112.619,105.14,107.025,114.357,115.834,116.031,115.246,119.733,116.401,115.063,108.143,112.222,111.561,125.16,117.696,116.539,132.195
21-Jun-2012,103.976,110.549,101.633,107.005,102.503,104.097,108.499,108.145,108.442,108.713,105.646,109.958,107.131,105.878,117.553,109.985,102.719,113.154,103.84,106.146,114.363,114.34,117.762,115.31,119.524,117.378,114.207,109.488,112.278,111.595,126.37,119.442,117.269,132.895
22-Jun-2012,104.003,110.586,101.737,107.008,102.46,104.091,109.237,108.485,108.463,108.918,106.023,110.467,107.218,104.238,117.959,109.533,102.07,112.484,104.024,106.273,114.38,115.758,117.558,115.721,119.463,117.344,114.217,109.112,112.36,111.531,125.034,119.007,116.565,132.694
25-Jun-2012,103.888,110.584,101.648,107.015,102.523,104.108,109.236,108.013,108.427,109.074,105.468,110.044,107.39,106.93,116.914,109.219,104.501,112.71,105.45,107.275,114.02,115.493,116.26,114.018,122.164,117.73,115.922,111.783,112.162,110.706,126.405,120.103,117.064,132.39
26-Jun-2012,104.062,110.612,101.779,107.029,102.651,104.123,109.51,107.876,109.164,108.571,105.938,109.957,105.674,106.93,116.914,109.379,101.928,112.993,104.057,106.276,114.212,115.753,116.542,115.575,119.342,117.513,114.767,109.129,111.269,111.644,125.667,120.214,116.982,132.301
27-Jun-2012,104.308,110.578,101.732,106.905,102.491,104.118,109.235,108.154,109.164,108.754,105.73,109.979,105.627,102.199,117.391,109.727,102.301,113.137,104.206,106.061,114.184,115.749,116.319,115.659,119.718,117.52,115.479,108.998,112.005,111.819,125.947,120.736,117.464,132.802
28-Jun-2012,104.202,110.599,101.664,106.942,102.511,104.137,109.365,108.562,108.456,108.818,106.36,110.273,105.832,102.293,117.517,109.434,102.944,112.816,104.034,106.707,114.662,116.208,116.465,115.594,119.812,117.415,116.513,109.37,112.257,112.057,125.833,119.727,117.219,132.183
29-Jun-2012,104.008,110.616,101.63,106.75,102.536,104.123,108.061,108.356,108.343,108.844,105.937,110.298,105.703,102.293,118.332,109.731,102.494,112.775,104.035,106.713,114.491,116.279,115.769,115.405,119.993,117.736,116.513,110.72,112.288,112.103,125.371,119.782,117.603,132.551
02-Jul-2012,104.311,110.647,101.635,106.93,102.654,104.169,109.652,108.802,107.924,108.752,106.007,110.202,106.12,102.439,118.331,109.819,102.579,112.919,104.617,106.829,114.816,116.2,116.92,117.265,120.375,118.343,114.87,109.977,113.351,113.125,125.014,122.521,116.729,133.699
03-Jul-2012,104.129,110.69,101.589,106.955,101.681,104.162,109.642,108.82,108.973,108.816,106.009,110.225,105.958,102.654,118.331,109.703,102.667,110.65,104.63,106.724,115.01,116.273,117.28,117.313,120.721,115.017,116.096,110.165,111.078,113.142,127.417,122.173,118.871,133.699
05-Jul-2012,103.81,110.698,101.849,106.848,101.589,104.208,109.725,108.429,107.237,109.233,106.035,110.25,105.756,102.527,116.75,110.258,102.713,109.804,104.786,106.498,115.068,117.027,117.718,115.328,120.877,115.529,116.559,110.195,110.977,114.468,129.956,122.569,118.808,130.558
06-Jul-2012,104.396,110.844,101.843,107.045,101.615,104.264,109.721,108.769,109.042,109.227,106.042,110.567,105.089,102.527,118.308,110.232,101.999,110.519,105.689,106.782,116.162,116.579,117.91,117.384,121.12,115.679,116.559,110.153,111.625,113.089,127.747,123.05,117.991,131.45
09-Jul-2012,103.992,110.766,101.76,107.037,101.616,104.295,109.759,108.117,108.652,106.544,106.485,110.433,106.096,103.19,118.31,110.303,102.382,110.924,104.557,107.208,115.31,116.973,119.328,117.605,121.241,115.493,114.948,110.652,111.429,113.18,128.16,122.23,119.445,131.365
10-Jul-2012,103.979,110.786,101.903,107.117,101.765,104.286,109.702,108.467,108.958,109.338,105.99,110.946,106.344,102.977,118.31,110.381,102.654,110.602,104.874,107.275,114.968,116.892,116.344,117.896,121.398,116.14,117.22,110.891,111.589,114.662,126.837,122.606,119.438,132.299
11-Jul-2012,104.205,110.856,101.951,106.921,101.679,104.344,109.632,108.467,108.958,109.289,106.344,110.887,106.165,103.215,117.101,110.057,102.735,110.563,104.63,108.244,114.934,116.576,118.043,118.037,121.694,116.146,117,110.463,110.933,113.062,128.012,123.805,115.57,133.109
12-Jul-2012,104.213,110.904,101.984,107.005,101.775,104.405,109.9,108.95,109.029,109.279,106.106,110.755,106.259,103.069,117.101,110.088,102.509,110.857,104.935,106.923,114.253,117.225,118.116,118.293,123.667,116.546,118.626,108.97,111.958,114.23,128.288,124.941,119.657,134.096
13-Jul-2012,104.247,110.911,102.087,106.52,102.079,104.412,109.774,108.671,108.78,109.76,106.354,111.339,106.352,103.069,117.101,110.359,103.358,110.899,105.29,107.452,115.558,117.56,118.669,118.681,119.683,118.403,117.301,111.543,112.139,116.626,131.497,124.213,120.465,140.102
16-Jul-2012,104.232,110.994,102.093,106.495,101.901,104.493,109.91,108.727,109.004,109.478,106.669,110.858,106.48,103.488,116.377,110.359,102.99,110.963,105.105,107.234,115.855,117.349,118.774,118.698,122.881,117.435,116.806,112.093,113.081,115.039,132.28,126.269,122.127,138.807
17-Jul-2012,104.386,110.994,102.072,107.149,102.011,104.495,110.048,108.808,109.289,109.526,106.537,110.963,106.214,103.359,116.377,110.496,103.256,111.204,105.429,106.329,115.861,117.427,118.283,119.001,123.067,117.909,119.112,112.11,112.841,115.192,132.507,128.302,122.056,137.728
18-Jul-2012,104.187,111.018,102.112,107.057,101.935,104.514,110.11,108.932,109.08,109.543,106.681,111.302,107.081,103.359,116.377,110.591,103.581,111.356,105.368,107.523,115.714,118.103,118.644,118.694,123.738,117.809,118.254,113.168,113.962,116.083,133.924,130.486,123.242,139.249
19-Jul-2012,102.501,111.054,102.115,107.057,101.884,104.528,110.145,109.409,108.914,109.319,107.558,111.541,106.822,103.359,116.377,110.611,103.366,112.84,106.049,107.763,116.103,118.022,119.034,119.702,124.025,118.525,118.451,112.495,113.186,115.099,133.732,127.457,126.208,137.973
20-Jul-2012,104.256,111.091,101.983,107.057,101.964,104.534,109.962,109.516,109.303,109.715,106.44,111.001,106.746,103.875,117.614,110.432,102.914,111.671,105.612,107.698,116.067,117.959,119.048,118.405,123.773,118.134,117.793,111.886,113.105,115.502,133.758,133.359,121.204,138.239
23-Jul-2012,103.833,111.088,101.972,105.99,101.858,104.538,110.026,108.843,108.683,109.515,106.838,111.307,105.944,103.174,117.736,111.059,103.556,111.753,105.683,107.404,115.48,117.563,118.272,117.9,123.149,117.304,117.424,113.139,111.744,115.643,133.028,128.554,118.606,139.728
24-Jul-2012,104.239,111.11,101.934,106.894,101.831,104.526,109.99,108.743,109.201,109.172,105.41,111.125,105.944,103.174,117.736,110.053,103.312,111.147,105.889,107.832,115.955,117.879,118.758,119.238,123.738,119.056,117.603,111.992,111.632,115.369,133.176,130.098,122.74,138.823
25-Jul-2012,103.769,111.125,102.133,106.835,101.883,104.535,110.049,109.206,109.17,109.513,106.497,111.383,106.536,103.174,117.121,111.155,102.506,111.452,105.731,107.388,115.946,117.605,119.175,119.343,123.583,117.711,117.603,113.028,113.208,115.456,133.153,127.62,122.55,138.901
26-Jul-2012,104.203,111.111,102.086,107.011,101.904,104.553,110.067,108.98,108.816,109.094,106.975,111.3,106.311,103.174,119.206,110.518,103.4,111.375,105.587,107.922,116.008,117.307,119.262,119.091,123.282,117.811,117.86,112.774,111.881,115.561,132.776,128.455,122.164,137.956
27-Jul-2012,104.2,111.178,101.933,106.571,101.935,104.52,109.988,109.252,109.316,109.348,106.304,111.241,106.628,103.174,118.537,110.858,103.518,110.257,105.256,107.825,115.915,117.655,118.375,119.581,123.121,118.051,117.66,112.255,112.731,114.946,132.275,127.633,120.848,136.273
30-Jul-2012,103.83,111.164,102.318,106.871,101.991,104.564,110.175,109.492,110.078,109.476,106.349,111.202,106.777,103.174,118.537,111.34,103.377,110.486,105.876,107.847,115.961,117.634,119.375,119.458,123.268,118.341,116.083,112.369,113.53,114.966,131.208,129.91,122.093,138.162
31-Jul-2012,104.227,111.164,102.174,107.408,100.902,104.611,110.276,109.415,109.338,109.984,106.502,111.417,106.921,103.692,117.864,111.34,103.953,112.871,105.824,109.376,114.98,118.043,119.943,119.674,123.314,119.006,119.049,112.665,113.601,115.775,138.088,127.007,121.881,138.346
01-Aug-2012,103.984,105.166,102.329,107.227,102.242,104.627,110.24,109.482,109.781,109.967,106.6,111.188,106.974,103.837,117.864,111.229,104.442,110.417,105.313,108.03,116.191,117.772,119.736,118.574,123.458,118.587,118.249,112.184,112.77,115.682,132.935,128.023,121.349,137.797
02-Aug-2012,104.419,105.159,102.357,107.543,102.165,104.597,110.226,108.463,109.254,109.982,106.54,111.322,106.766,103.837,117.864,111.366,103.403,110.741,106.134,108.481,116.209,116.727,119.913,119.96,120.701,118.367,118.249,112.24,113.574,113.984,132.612,124.75,121.386,137.43
03-Aug-2012,104.287,105.161,102.215,106.695,102.06,104.589,110.271,109.478,109.093,110.02,106.908,111.747,106.521,103.837,117.864,110.568,103.474,111.581,105.955,108.242,116.468,117.608,119.392,119.652,120.292,118.425,117.775,112.136,112.716,115.182,130.419,124.664,120.507,135.775
06-Aug-2012,104.135,105.195,102.115,107.318,102.007,104.625,110.19,108.274,109.484,109.85,106.661,111.577,106.952,103.837,117.864,112.106,103.953,111.788,106.046,108.177,115.726,117.629,119.829,120.056,120.507,118.36,117.899,113.455,113.011,116.347,131.692,122.459,120.746,136.828
07-Aug-2012,104.269,105.188,102.055,107.38,101.711,104.588,110.267,110.208,109.085,109.654,106.58,111.879,106.649,103.837,119.253,111.132,103.479,111.526,106.112,107.638,116.217,118.338,119.783,119.735,120.326,118.064,118.725,112.084,112.775,115.126,131.219,121.697,120.469,135.812
08-Aug-2012,104.269,105.204,101.885,107.215,101.36,104.585,109.736,109.08,109.223,109.629,106.563,111.527,106.814,103.837,118.139,111.004,103.802,112.706,106.141,107.255,116.156,117.82,119.41,119.344,120.475,117.49,119.377,111.757,112.502,114.252,131.122,122.575,119.598,134.435
09-Aug-2012,104.377,105.214,101.813,107.215,102.163,104.567,110.134,109.198,110.004,108.66,106.783,111.603,106.088,102.995,117.527,111.295,103.873,111.667,105.768,107.489,116.37,117.861,119.406,120.984,120.271,117.9,116.753,111.934,112.835,114.381,129.986,121.41,119.63,134.671
10-Aug-2012,104.281,105.229,102.373,107.233,102.064,104.598,110.125,109.267,109.338,109.662,106.685,111.305,106.122,104.033,117.527,109.9,103.91,112.024,105.973,107.948,116.543,115.312,118.586,120.014,120.583,118.139,116.753,112.232,113.248,114.802,130.674,123.217,119.662,135.602
13-Aug-2012,104.21,105.239,102.423,107.233,102.247,104.619,110.375,109.164,109.082,109.871,106.908,111.361,107.065,104.033,118.413,111.119,103.914,111.867,106.065,110.062,116.328,115.491,119.933,119.922,120.15,118.261,118.03,111.671,112.893,114.778,131.845,121.964,120.222,135.176
14-Aug-2012,104.288,105.239,102.084,107.08,101.372,104.631,110.373,109.618,109.169,109.665,106.993,110.753,106.141,104.033,119.501,110.823,103.847,110.542,105.941,109.19,116.809,115.485,119.767,119.643,120.172,118.507,118.037,111.335,112.36,114.112,131.157,119.655,117.539,134.648
15-Aug-2012,102.703,105.211,102.318,107.331,102.201,104.623,110.13,109.118,109.077,110.068,106.6,111.376,107.134,104.033,119.042,110.878,103.84,111.896,105.04,107.922,116.672,115.276,119.78,119.061,119.957,117.808,115.484,110.986,111.452,113.624,128.906,121.019,116.638,133.323
16-Aug-2012,104.191,105.214,102.176,107.161,102.242,104.625,110.549,109.368,108.826,110.153,106.759,110.661,106.998,103.584,118.128,110.98,104.042,111.772,106.198,107.791,115.237,115.361,120.438,117.945,119.987,117.47,117.259,111.787,111.221,113.512,128.859,119.796,117.009,131.883
17-Aug-2012,104.405,105.215,102.054,107.328,102.229,104.628,110.009,109.416,109.162,109.628,106.948,111.402,106.745,103.584,118.254,110.943,103.742,111.646,105.865,108.06,116.322,114.33,119.668,121.984,119.703,117.469,117.322,111.156,112.507,113.893,126.694,120.018,117.638,133.672
20-Aug-2012,104.419,105.222,102.246,107.103,102.225,104.624,110.399,107.437,109.161,109.656,107.294,111.389,106.745,103.584,119.237,111.019,103.794,111.651,106.437,107.81,116.221,114.145,119.269,119.464,119.891,117.464,117.889,111.33,112.414,113.924,130.074,119.986,118.276,133.337
21-Aug-2012,104.465,105.216,102.307,107.01,102.042,104.606,110.461,109.463,109.362,109.802,105.811,111.788,106.711,103.584,119.237,111.446,103.586,111.616,104.985,108.332,116.598,115.045,120.103,119.522,119.861,117.466,117.896,111.4,112.361,114.477,129.415,120.348,117.277,133.453
22-Aug-2012,102.047,105.254,102.326,107.225,102.192,104.641,110.581,108.932,109.426,110.447,106.917,111.488,107.259,103.584,119.047,111.446,104.148,112.039,106.304,108.365,115.544,115.545,120.255,118.522,120.531,118.753,118.714,111.9,112.752,114.924,129.788,121.768,119.86,133.604
23-Aug-2012,104.41,105.264,102.114,107.07,102.296,104.678,110.626,109.173,109.27,109.856,107.179,111.997,107.014,103.584,119.292,111.446,103.032,112.056,106.313,108.469,115.32,115.754,120.317,120.126,120.871,118.831,118.663,111.969,113.512,115.397,130.556,122.805,119.37,135.118
24-Aug-2012,104.423,105.271,102.262,107.237,102.17,104.67,110.565,109.151,109.3,109.816,106.877,112.053,106.8,103.584,119.234,110.847,104.075,112.247,106.362,108.039,116.573,115.334,120.135,119.912,120.943,118.792,118.837,110.683,112.941,114.764,130.399,120.174,119.376,132.523
27-Aug-2012,104.332,105.268,102.267,107.388,102.162,104.673,110.371,109.153,109.041,109.95,106.808,111.683,106.843,103.706,119.985,111.55,104.095,112.869,106.345,108.707,116.141,115.614,119.878,119.848,121.184,119.352,120.999,112.432,113.036,115.15,132.305,121.393,121.541,135.774
28-Aug-2012,104.26,105.279,102.351,107.655,102.054,104.672,110.439,109.174,109.305,109.84,106.286,111.954,107.601,103.706,118.994,111.315,104.098,111.711,106.485,110.215,117.242,115.772,120.168,120.254,120.568,118.968,120.954,114.505,113.625,115.116,132.135,122.893,121.059,135.987
29-Aug-2012,104.312,105.283,102.403,107.67,102.374,104.671,110.604,109.244,109.43,110.339,107.416,109.781,107.385,103.706,118.906,111.579,104.154,112.29,106.652,109.101,116.676,114.683,120.199,119.998,121.475,119.131,119.194,112.086,113.631,115.371,130.969,122.139,120.241,135.737
30-Aug-2012,104.316,105.312,102.276,107.559,101.984,104.689,110.602,109.287,109.5,109.788,107.277,109.666,107.408,103.845,119.3,111.579,104.177,111.201,107.105,108.766,116.337,115.795,120.51,120.065,121.527,119.499,118.98,112.553,113.477,115.616,131.827,122.498,118.761,134.734
31-Aug-2012,104.425,105.319,102.38,107.466,102.399,104.738,110.609,109.569,109.121,110.001,106.597,109.283,107.374,103.845,119.988,110.525,104.325,112.501,106.847,107.918,117.134,115.405,120.842,121.007,121.935,119.784,121.75,113.04,113.873,116.244,133.751,124.66,122.045,137.689
04-Sep-2012,104.511,105.326,102.332,107.516,102.28,104.823,110.578,109.307,109.126,110.18,107.251,109.544,107.42,103.984,119.578,111.595,104.196,112.438,106.786,109.153,117.38,116.107,120.632,120.252,121.713,119.521,121.75,112.971,113.267,114.908,130.498,123.402,121.629,137.284
05-Sep-2012,104.528,105.355,102.401,107.318,102.24,104.814,110.593,109.02,109.579,109.609,107.284,109.546,107.465,104.233,119.833,111.995,103.857,111.061,107.149,108.718,117.222,115.821,120.476,120.443,121.646,119.519,121.75,112.579,111.639,114.622,132.421,124.637,121.402,136.64
06-Sep-2012,104.455,105.356,102.298,106.945,102.207,104.78,109.75,109.716,109.594,109.935,107.228,109.331,107.332,104.378,118.433,111.673,103.962,112.125,106.605,108.789,117.705,115.345,120.244,120.185,121.36,119.259,119.608,112.105,112.671,114.794,131.643,122.233,119.914,135.371
07-Sep-2012,104.567,105.359,102.294,106.945,102.416,104.813,110.435,109.704,109.854,110.202,107.187,109.35,107.76,104.378,119.865,111.572,104.572,112.628,107.433,108.903,115.978,116.346,120.686,120.502,121.488,118.478,120.579,113.503,111.916,115.075,132.082,122.829,121.327,134.684
10-Sep-2012,104.54,105.369,102.368,107.604,102.223,104.804,110.662,109.707,108.883,110.062,107.175,109.488,107.345,104.341,119.86,111.572,104.41,111.763,106.891,108.195,116.886,116.351,120.884,118.981,121.11,119.058,122.554,112.677,111.819,114.234,129.243,122.04,120.064,134.684
11-Sep-2012,104.519,105.381,102.384,107.46,102.372,104.805,110.59,109.73,109.791,110.059,107.248,109.69,107.352,104.433,118.835,111.819,104.571,112.316,106.88,108.718,117.448,115.068,120.673,120.388,120.513,116.148,119.913,111.855,112.634,114.129,129.643,122.882,120.302,135.261
12-Sep-2012,104.413,105.391,101.327,107.623,102.396,104.833,110.681,109.824,109.651,107.634,107.42,109.675,106.976,104.492,114.906,109.466,104.456,112.726,107.071,108.889,117.092,116.273,117.757,120.125,121.519,118.254,119.399,109.806,112.537,114.262,129.22,123.673,119.528,134.571
13-Sep-2012,104.576,105.412,101.517,107.578,102.411,104.871,110.542,109.751,110.054,106.977,107.322,109.43,107.854,104.492,116.411,112.088,104.553,112.694,107.196,109.014,117.06,116.045,117.827,120.464,121.499,119.117,120.378,109.831,112.913,113.965,125.792,123.53,120.347,135.612
14-Sep-2012,104.387,105.414,101.434,107.798,102.375,104.843,110.49,109.827,109.346,107.72,107.202,109.843,107.736,104.492,116.411,111.863,104.729,112.522,107.167,109.122,117.254,116.464,118.007,120.423,120.672,118.051,118.155,109.627,114.004,113.64,127.355,122.094,117.572,134.527
17-Sep-2012,104.52,105.409,101.465,104.597,102.33,104.864,110.613,109.768,109.638,107.594,107.578,109.477,107.668,104.508,115.236,111.841,104.266,112.503,107.023,109.195,117.352,116.425,118.084,120.406,121.051,119.055,119.057,109.805,112.963,113.433,127.671,123.335,119.871,134.908
18-Sep-2012,104.492,105.407,101.427,104.597,102.282,104.866,110.574,109.775,109.519,106.727,107.283,109.57,107.547,104.508,115.236,109.243,104.539,112.729,107.006,108.669,117.702,115.949,118.147,120.067,120.967,118.85,118.801,109.661,112.374,113.222,127.021,123.048,119.752,134.877
19-Sep-2012,104.491,105.407,101.463,104.76,102.242,104.857,110.578,109.756,109.756,106.694,106.419,109.01,107.426,104.508,115.246,109.581,104.486,112.571,107.056,109.756,117.208,116.404,117.936,121.956,121.209,119.352,121.445,109.394,112.584,113.506,128.22,124.337,119.36,135.165
20-Sep-2012,104.43,105.407,101.434,104.375,102.34,104.829,110.435,109.256,109.574,107.668,107.256,109.577,107.463,104.508,113.876,109.48,104.266,112.35,106.535,108.932,117.156,116.093,117.798,120.256,121.583,120.455,118.674,109.56,112.462,112.541,127.405,121.847,120.044,134.42
21-Sep-2012,104.494,105.363,101.472,104.746,102.399,104.826,110.531,109.258,109.975,107.905,107.367,109.604,107.463,104.508,113.876,109.546,102.496,112.922,106.985,109.114,117.277,117.502,117.832,120.576,121.446,119.019,119.402,109.396,112.723,113.613,128.084,122.914,120.309,135.162
24-Sep-2012,104.181,105.377,101.386,104.865,102.247,104.831,110.401,109.578,109.184,107.77,107.363,109.81,106.904,104.069,116.203,109.769,104.556,112.749,106.97,108.372,117.616,116.266,117.71,120.584,121.728,120.923,118.035,109.581,111.801,113.596,127.176,123.659,118.997,135.077
25-Sep-2012,103.61,105.392,101.439,104.937,102.342,104.812,110.52,109.558,109.722,107.666,107.343,109.425,107.514,104.614,116.203,109.655,104.239,112.739,106.705,109.389,116.901,115.943,118.253,120.291,121.938,118.797,119.298,109.671,112.533,113.43,127.994,125.425,120.161,135.318
