coupons,expiry_date
4.8,01-May-2013
6,06-Aug-2013
1.875,16-Sep-2013
5.4,20-Sep-2013
2.1,07-Jan-2014
3.125,12-Mar-2014
5.9,13-May-2014
5.5,04-Jun-2014
5.65,09-Jun-2014
4.75,15-Sep-2014
3.75,14-Nov-2014
4.875,04-Mar-2015
3.5,29-Jun-2015
2.375,30-Jun-2015
6.9,15-Sep-2015
4.375,21-Sep-2015
2.25,09-Nov-2015
5,08-Jan-2016
2.95,09-May-2016
3.35,17-Oct-2016
5.375,20-Oct-2016
5.4,15-Feb-2017
5.625,15-Sep-2017
5.625,05-Jan-2018
6,07-Aug-2019
5.5,08-Jan-2020
5.55,04-May-2020
4.375,16-Sep-2020
4.625,07-Jan-2021
4.65,17-Oct-2021
6.75,15-Mar-2032
6.15,07-Aug-2037
5.875,14-Jan-2038
6.875,10-Jan-2039
